PRAGMA foreign_keys=OFF;
BEGIN TRANSACTION;
CREATE TABLE Matches (
	id          integer,
	city        varchar(50) not null,
	playedOn    date not null,
	primary key (id)
);
INSERT INTO Matches VALUES(101,'Cardiff','2000-01-07');
INSERT INTO Matches VALUES(102,'Rio de Janiero','2001-10-10');
INSERT INTO Matches VALUES(103,'Firenze','2003-01-25');
INSERT INTO Matches VALUES(104,'Montevideo','2003-05-17');
INSERT INTO Matches VALUES(105,'Linkoping','2007-02-26');
INSERT INTO Matches VALUES(106,'Nagasaki','2001-10-10');
INSERT INTO Matches VALUES(107,'Lyon','2007-10-21');
INSERT INTO Matches VALUES(108,'Brisbane','2007-07-11');
INSERT INTO Matches VALUES(109,'Sao Paulo','2008-11-16');
INSERT INTO Matches VALUES(110,'Seoul','2003-04-17');
INSERT INTO Matches VALUES(111,'Rio de Janiero','2007-02-02');
INSERT INTO Matches VALUES(112,'Melbourne','2001-02-09');
INSERT INTO Matches VALUES(113,'Sao Paulo','2004-09-01');
INSERT INTO Matches VALUES(114,'Eindhoven','2003-06-01');
INSERT INTO Matches VALUES(115,'Sao Paulo','2005-07-24');
INSERT INTO Matches VALUES(116,'Marseille','2000-06-07');
INSERT INTO Matches VALUES(117,'Tokyo','2002-05-05');
INSERT INTO Matches VALUES(118,'Manchester','2002-07-04');
INSERT INTO Matches VALUES(119,'Sydney','2001-07-23');
INSERT INTO Matches VALUES(120,'Seoul','2004-03-06');
INSERT INTO Matches VALUES(121,'Eindhoven','2004-04-25');
INSERT INTO Matches VALUES(122,'Berlin','2004-11-11');
INSERT INTO Matches VALUES(123,'Linkoping','2005-09-24');
INSERT INTO Matches VALUES(124,'Lyon','2003-10-02');
INSERT INTO Matches VALUES(125,'Dortmund','2006-11-03');
INSERT INTO Matches VALUES(126,'Paris','2006-05-07');
INSERT INTO Matches VALUES(127,'Brisbane','2007-05-26');
INSERT INTO Matches VALUES(128,'Kyoto','2008-08-12');
INSERT INTO Matches VALUES(129,'Tehran','2000-02-03');
INSERT INTO Matches VALUES(130,'Sydney','2001-03-17');
INSERT INTO Matches VALUES(131,'Melbourne','2000-02-02');
INSERT INTO Matches VALUES(132,'Brisbane','2001-07-15');
INSERT INTO Matches VALUES(133,'Lyon','2008-07-03');
INSERT INTO Matches VALUES(134,'Madrid','2006-01-17');
INSERT INTO Matches VALUES(135,'London','2001-02-20');
INSERT INTO Matches VALUES(136,'Rio de Janiero','2000-10-01');
INSERT INTO Matches VALUES(137,'London','2007-11-15');
INSERT INTO Matches VALUES(138,'Manchester','2004-11-04');
INSERT INTO Matches VALUES(139,'Busan','2005-06-17');
INSERT INTO Matches VALUES(140,'Linkoping','2007-09-08');
INSERT INTO Matches VALUES(141,'Berlin','2007-07-21');
INSERT INTO Matches VALUES(142,'Nagasaki','2006-09-28');
INSERT INTO Matches VALUES(143,'Kyoto','2008-07-14');
INSERT INTO Matches VALUES(144,'Busan','2005-12-01');
INSERT INTO Matches VALUES(145,'Brisbane','2005-01-06');
INSERT INTO Matches VALUES(146,'Brisbane','2001-09-14');
INSERT INTO Matches VALUES(147,'Sao Paulo','2003-03-20');
INSERT INTO Matches VALUES(148,'Barcelona','2004-09-25');
INSERT INTO Matches VALUES(149,'Kyoto','2000-08-25');
INSERT INTO Matches VALUES(150,'Marseille','2000-07-15');
INSERT INTO Matches VALUES(151,'Firenze','2002-10-27');
INSERT INTO Matches VALUES(152,'Madrid','2005-10-16');
INSERT INTO Matches VALUES(153,'Eindhoven','2008-03-11');
INSERT INTO Matches VALUES(154,'Kyoto','2008-09-10');
INSERT INTO Matches VALUES(155,'Shanghai','2005-04-04');
INSERT INTO Matches VALUES(156,'Sydney','2007-05-03');
INSERT INTO Matches VALUES(157,'Lyon','2004-08-09');
INSERT INTO Matches VALUES(158,'Kyoto','2008-07-22');
INSERT INTO Matches VALUES(159,'Roma','2004-03-06');
INSERT INTO Matches VALUES(160,'Roma','2004-03-18');
INSERT INTO Matches VALUES(161,'Rio de Janiero','2005-06-25');
INSERT INTO Matches VALUES(162,'Tabriz','2004-11-22');
INSERT INTO Matches VALUES(163,'Santa Cruz','2001-05-19');
INSERT INTO Matches VALUES(164,'Sydney','2008-10-27');
INSERT INTO Matches VALUES(165,'Buenos Aires','2002-05-19');
INSERT INTO Matches VALUES(166,'Eindhoven','2000-04-10');
INSERT INTO Matches VALUES(167,'Brisbane','2004-02-17');
INSERT INTO Matches VALUES(168,'Tehran','2007-12-19');
INSERT INTO Matches VALUES(169,'Berlin','2002-11-08');
INSERT INTO Matches VALUES(170,'Shanghai','2004-11-25');
INSERT INTO Matches VALUES(171,'Dortmund','2008-07-09');
INSERT INTO Matches VALUES(172,'Nagasaki','2003-01-05');
INSERT INTO Matches VALUES(173,'Seoul','2003-06-14');
INSERT INTO Matches VALUES(174,'Beijing','2003-09-05');
INSERT INTO Matches VALUES(175,'Tehran','2001-02-22');
INSERT INTO Matches VALUES(176,'Santa Cruz','2003-07-22');
INSERT INTO Matches VALUES(177,'Nagasaki','2002-10-06');
INSERT INTO Matches VALUES(178,'Shanghai','2001-05-14');
INSERT INTO Matches VALUES(179,'Munich','2008-05-10');
INSERT INTO Matches VALUES(180,'Seoul','2006-04-07');
INSERT INTO Matches VALUES(181,'Dortmund','2008-08-05');
INSERT INTO Matches VALUES(182,'Linkoping','2008-03-17');
INSERT INTO Matches VALUES(183,'Lyon','2005-06-21');
INSERT INTO Matches VALUES(184,'Brisbane','2003-10-05');
INSERT INTO Matches VALUES(185,'Cardiff','2001-04-25');
INSERT INTO Matches VALUES(186,'Beijing','2000-11-02');
INSERT INTO Matches VALUES(187,'Barcelona','2000-05-14');
INSERT INTO Matches VALUES(188,'Eindhoven','2002-07-15');
INSERT INTO Matches VALUES(189,'Tehran','2006-04-03');
INSERT INTO Matches VALUES(190,'Brisbane','2003-05-02');
INSERT INTO Matches VALUES(191,'Amsterdam','2004-10-06');
INSERT INTO Matches VALUES(192,'Paris','2005-05-18');
INSERT INTO Matches VALUES(193,'Busan','2002-02-07');
INSERT INTO Matches VALUES(194,'Munich','2003-11-05');
INSERT INTO Matches VALUES(195,'Marseille','2002-12-06');
INSERT INTO Matches VALUES(196,'Beijing','2000-07-08');
INSERT INTO Matches VALUES(197,'Marseille','2006-03-25');
INSERT INTO Matches VALUES(198,'Barcelona','2008-05-15');
INSERT INTO Matches VALUES(199,'Melbourne','2008-06-16');
INSERT INTO Matches VALUES(200,'Perugia','2003-04-05');
INSERT INTO Matches VALUES(201,'Amsterdam','2002-09-11');
INSERT INTO Matches VALUES(202,'Stockholm','2001-06-13');
INSERT INTO Matches VALUES(203,'Beijing','2001-08-02');
INSERT INTO Matches VALUES(204,'Madrid','2008-04-16');
INSERT INTO Matches VALUES(205,'San Carlos','2004-12-01');
INSERT INTO Matches VALUES(206,'Beijing','2008-05-14');
INSERT INTO Matches VALUES(207,'Madrid','2007-04-09');
INSERT INTO Matches VALUES(208,'Stockholm','2001-10-07');
INSERT INTO Matches VALUES(209,'London','2003-07-21');
INSERT INTO Matches VALUES(210,'Stockholm','2003-11-22');
INSERT INTO Matches VALUES(211,'Sao Paulo','2004-06-01');
INSERT INTO Matches VALUES(212,'Santa Cruz','2000-05-24');
INSERT INTO Matches VALUES(213,'Busan','2004-12-14');
INSERT INTO Matches VALUES(214,'Buenos Aires','2005-08-19');
INSERT INTO Matches VALUES(215,'Paris','2004-04-06');
INSERT INTO Matches VALUES(216,'Montevideo','2008-02-13');
INSERT INTO Matches VALUES(217,'Linkoping','2000-02-08');
INSERT INTO Matches VALUES(218,'Buenos Aires','2007-12-08');
INSERT INTO Matches VALUES(219,'Cardiff','2000-05-21');
INSERT INTO Matches VALUES(220,'Brisbane','2004-07-07');
INSERT INTO Matches VALUES(221,'Eindhoven','2000-02-06');
INSERT INTO Matches VALUES(222,'Beijing','2007-10-23');
INSERT INTO Matches VALUES(223,'Tehran','2006-09-12');
INSERT INTO Matches VALUES(224,'Amsterdam','2000-08-12');
INSERT INTO Matches VALUES(225,'Santa Cruz','2001-12-14');
INSERT INTO Matches VALUES(226,'San Carlos','2006-06-23');
INSERT INTO Matches VALUES(227,'Stockholm','2007-11-07');
INSERT INTO Matches VALUES(228,'Rio de Janiero','2004-02-19');
INSERT INTO Matches VALUES(229,'Eindhoven','2006-12-24');
INSERT INTO Matches VALUES(230,'Lyon','2003-02-11');
INSERT INTO Matches VALUES(231,'Melbourne','2008-12-17');
INSERT INTO Matches VALUES(232,'Munich','2004-05-16');
INSERT INTO Matches VALUES(233,'Eindhoven','2002-08-03');
INSERT INTO Matches VALUES(234,'Marseille','2001-06-20');
INSERT INTO Matches VALUES(235,'Santa Cruz','2005-10-04');
INSERT INTO Matches VALUES(236,'Linkoping','2003-11-03');
INSERT INTO Matches VALUES(237,'Tabriz','2003-06-12');
INSERT INTO Matches VALUES(238,'Marseille','2004-09-18');
INSERT INTO Matches VALUES(239,'San Carlos','2000-02-19');
INSERT INTO Matches VALUES(240,'Dortmund','2002-10-19');
INSERT INTO Matches VALUES(241,'Tabriz','2001-12-06');
INSERT INTO Matches VALUES(242,'Cardiff','2001-12-06');
INSERT INTO Matches VALUES(243,'Rio de Janiero','2004-11-04');
INSERT INTO Matches VALUES(244,'Amsterdam','2004-02-13');
INSERT INTO Matches VALUES(245,'Seoul','2001-01-28');
INSERT INTO Matches VALUES(246,'Sao Paulo','2001-12-07');
INSERT INTO Matches VALUES(247,'Tehran','2006-02-12');
INSERT INTO Matches VALUES(248,'Amsterdam','2000-07-22');
INSERT INTO Matches VALUES(249,'Montevideo','2002-11-19');
INSERT INTO Matches VALUES(250,'Eindhoven','2005-08-19');
INSERT INTO Matches VALUES(251,'Santa Cruz','2005-05-03');
INSERT INTO Matches VALUES(252,'Kyoto','2001-09-20');
INSERT INTO Matches VALUES(253,'Melbourne','2006-08-08');
INSERT INTO Matches VALUES(254,'Amsterdam','2000-05-26');
INSERT INTO Matches VALUES(255,'San Carlos','2006-02-16');
INSERT INTO Matches VALUES(256,'Linkoping','2008-01-13');
INSERT INTO Matches VALUES(257,'Barcelona','2001-04-16');
INSERT INTO Matches VALUES(258,'Marseille','2001-03-28');
INSERT INTO Matches VALUES(259,'Kyoto','2006-06-25');
INSERT INTO Matches VALUES(260,'Seoul','2004-12-22');
INSERT INTO Matches VALUES(261,'Kyoto','2004-10-03');
INSERT INTO Matches VALUES(262,'Tokyo','2002-02-15');
INSERT INTO Matches VALUES(263,'Beijing','2006-07-18');
INSERT INTO Matches VALUES(264,'Berlin','2002-04-27');
INSERT INTO Matches VALUES(265,'Marseille','2001-01-13');
INSERT INTO Matches VALUES(266,'Beijing','2008-02-24');
INSERT INTO Matches VALUES(267,'Barcelona','2006-09-13');
INSERT INTO Matches VALUES(268,'Tehran','2007-05-07');
INSERT INTO Matches VALUES(269,'Melbourne','2006-05-20');
INSERT INTO Matches VALUES(270,'Roma','2006-09-01');
INSERT INTO Matches VALUES(271,'Barcelona','2005-04-27');
INSERT INTO Matches VALUES(272,'Munich','2004-12-28');
INSERT INTO Matches VALUES(273,'Seoul','2001-10-04');
INSERT INTO Matches VALUES(274,'Brisbane','2002-12-01');
INSERT INTO Matches VALUES(275,'Melbourne','2003-12-21');
INSERT INTO Matches VALUES(276,'Montevideo','2003-04-01');
INSERT INTO Matches VALUES(277,'Kyoto','2004-05-17');
INSERT INTO Matches VALUES(278,'Barcelona','2003-06-03');
INSERT INTO Matches VALUES(279,'Linkoping','2005-02-05');
INSERT INTO Matches VALUES(280,'San Carlos','2003-03-26');
INSERT INTO Matches VALUES(281,'Marseille','2006-11-27');
INSERT INTO Matches VALUES(282,'Barcelona','2001-02-21');
INSERT INTO Matches VALUES(283,'Eindhoven','2005-11-04');
INSERT INTO Matches VALUES(284,'Roma','2006-06-11');
INSERT INTO Matches VALUES(285,'Seoul','2000-01-10');
INSERT INTO Matches VALUES(286,'Madrid','2005-10-06');
INSERT INTO Matches VALUES(287,'Dortmund','2005-03-28');
INSERT INTO Matches VALUES(288,'Stockholm','2003-05-06');
INSERT INTO Matches VALUES(289,'Stockholm','2002-02-14');
INSERT INTO Matches VALUES(290,'Kyoto','2003-06-27');
INSERT INTO Matches VALUES(291,'Madrid','2002-06-05');
INSERT INTO Matches VALUES(292,'Stockholm','2002-07-11');
INSERT INTO Matches VALUES(293,'Linkoping','2000-10-21');
INSERT INTO Matches VALUES(294,'Roma','2007-08-20');
INSERT INTO Matches VALUES(295,'Tabriz','2008-05-23');
INSERT INTO Matches VALUES(296,'Munich','2005-02-24');
INSERT INTO Matches VALUES(297,'Linkoping','2008-02-12');
INSERT INTO Matches VALUES(298,'Brisbane','2000-03-24');
INSERT INTO Matches VALUES(299,'Seoul','2006-11-11');
INSERT INTO Matches VALUES(300,'Berlin','2008-10-03');
INSERT INTO Matches VALUES(301,'Barcelona','2002-09-28');
INSERT INTO Matches VALUES(302,'Cardiff','2000-04-06');
INSERT INTO Matches VALUES(303,'Brisbane','2004-06-04');
INSERT INTO Matches VALUES(304,'Berlin','2001-05-01');
INSERT INTO Matches VALUES(305,'San Carlos','2007-06-21');
INSERT INTO Matches VALUES(306,'Barcelona','2002-04-25');
INSERT INTO Matches VALUES(307,'Madrid','2004-09-20');
INSERT INTO Matches VALUES(308,'Santa Cruz','2002-11-16');
INSERT INTO Matches VALUES(309,'Amsterdam','2005-07-09');
INSERT INTO Matches VALUES(310,'Madrid','2007-03-03');
INSERT INTO Matches VALUES(311,'Buenos Aires','2008-10-25');
INSERT INTO Matches VALUES(312,'Santa Cruz','2007-11-03');
INSERT INTO Matches VALUES(313,'Dortmund','2003-06-08');
INSERT INTO Matches VALUES(314,'Madrid','2001-06-09');
INSERT INTO Matches VALUES(315,'Rio de Janiero','2005-02-28');
INSERT INTO Matches VALUES(316,'Barcelona','2006-03-07');
INSERT INTO Matches VALUES(317,'Busan','2003-08-11');
INSERT INTO Matches VALUES(318,'Barcelona','2005-08-07');
INSERT INTO Matches VALUES(319,'Linkoping','2003-01-18');
INSERT INTO Matches VALUES(320,'Firenze','2008-03-18');
INSERT INTO Matches VALUES(321,'Tehran','2007-10-19');
INSERT INTO Matches VALUES(322,'Santa Cruz','2008-06-21');
INSERT INTO Matches VALUES(323,'Stockholm','2000-03-25');
INSERT INTO Matches VALUES(324,'San Carlos','2002-05-28');
INSERT INTO Matches VALUES(325,'Stockholm','2008-05-18');
INSERT INTO Matches VALUES(326,'San Carlos','2006-12-24');
INSERT INTO Matches VALUES(327,'Beijing','2007-11-09');
INSERT INTO Matches VALUES(328,'Stockholm','2003-12-27');
INSERT INTO Matches VALUES(329,'Barcelona','2002-10-19');
INSERT INTO Matches VALUES(330,'Nagasaki','2002-07-16');
INSERT INTO Matches VALUES(331,'Eindhoven','2008-11-15');
INSERT INTO Matches VALUES(332,'Montevideo','2004-12-23');
INSERT INTO Matches VALUES(333,'Paris','2004-12-26');
INSERT INTO Matches VALUES(334,'Lyon','2001-12-14');
INSERT INTO Matches VALUES(335,'San Carlos','2004-12-28');
INSERT INTO Matches VALUES(336,'Tehran','2004-10-23');
INSERT INTO Matches VALUES(337,'Rio de Janiero','2004-07-20');
INSERT INTO Matches VALUES(338,'Buenos Aires','2000-02-03');
INSERT INTO Matches VALUES(339,'Marseille','2006-02-25');
INSERT INTO Matches VALUES(340,'Sao Paulo','2004-09-28');
INSERT INTO Matches VALUES(341,'Montevideo','2006-02-26');
INSERT INTO Matches VALUES(342,'Kyoto','2001-04-11');
INSERT INTO Matches VALUES(343,'Busan','2003-07-18');
INSERT INTO Matches VALUES(344,'Dortmund','2003-02-19');
INSERT INTO Matches VALUES(345,'Munich','2001-01-10');
INSERT INTO Matches VALUES(346,'Barcelona','2005-02-05');
INSERT INTO Matches VALUES(347,'Seoul','2000-09-05');
INSERT INTO Matches VALUES(348,'Madrid','2002-11-02');
INSERT INTO Matches VALUES(349,'Roma','2001-02-08');
INSERT INTO Matches VALUES(350,'Manchester','2007-11-26');
INSERT INTO Matches VALUES(351,'Linkoping','2003-08-25');
INSERT INTO Matches VALUES(352,'Madrid','2006-02-24');
INSERT INTO Matches VALUES(353,'Paris','2004-12-03');
INSERT INTO Matches VALUES(354,'Seoul','2000-06-01');
INSERT INTO Matches VALUES(355,'Stockholm','2000-06-23');
INSERT INTO Matches VALUES(356,'Montevideo','2007-02-02');
INSERT INTO Matches VALUES(357,'Shanghai','2008-10-17');
INSERT INTO Matches VALUES(358,'Tehran','2004-02-09');
INSERT INTO Matches VALUES(359,'Lyon','2001-07-21');
INSERT INTO Matches VALUES(360,'Nagasaki','2001-03-02');
INSERT INTO Matches VALUES(361,'Sao Paulo','2006-08-17');
INSERT INTO Matches VALUES(362,'Brisbane','2008-06-18');
INSERT INTO Matches VALUES(363,'Santa Cruz','2004-11-05');
INSERT INTO Matches VALUES(364,'Roma','2002-05-02');
INSERT INTO Matches VALUES(365,'Stockholm','2001-03-05');
INSERT INTO Matches VALUES(366,'Cardiff','2007-11-28');
INSERT INTO Matches VALUES(367,'Busan','2008-02-23');
INSERT INTO Matches VALUES(368,'Madrid','2007-04-22');
INSERT INTO Matches VALUES(369,'Beijing','2006-01-20');
INSERT INTO Matches VALUES(370,'Roma','2006-09-20');
INSERT INTO Matches VALUES(371,'Munich','2005-10-20');
INSERT INTO Matches VALUES(372,'Tabriz','2004-03-08');
INSERT INTO Matches VALUES(373,'Tabriz','2000-08-16');
INSERT INTO Matches VALUES(374,'Kyoto','2006-06-14');
INSERT INTO Matches VALUES(375,'Tokyo','2005-04-13');
INSERT INTO Matches VALUES(376,'Busan','2000-03-19');
INSERT INTO Matches VALUES(377,'Busan','2004-02-10');
INSERT INTO Matches VALUES(378,'Beijing','2001-08-14');
INSERT INTO Matches VALUES(379,'Kyoto','2006-11-21');
INSERT INTO Matches VALUES(380,'Sao Paulo','2006-08-01');
INSERT INTO Matches VALUES(381,'Brisbane','2003-08-04');
INSERT INTO Matches VALUES(382,'Sydney','2003-10-20');
INSERT INTO Matches VALUES(383,'Berlin','2002-11-16');
INSERT INTO Matches VALUES(384,'Nagasaki','2000-08-12');
INSERT INTO Matches VALUES(385,'Montevideo','2004-09-26');
INSERT INTO Matches VALUES(386,'Cardiff','2007-10-17');
INSERT INTO Matches VALUES(387,'Stockholm','2008-09-10');
INSERT INTO Matches VALUES(388,'Nagasaki','2003-12-14');
INSERT INTO Matches VALUES(389,'Paris','2002-02-01');
INSERT INTO Matches VALUES(390,'Montevideo','2003-06-18');
INSERT INTO Matches VALUES(391,'Tabriz','2004-09-07');
INSERT INTO Matches VALUES(392,'Beijing','2003-05-19');
INSERT INTO Matches VALUES(393,'Amsterdam','2006-08-06');
INSERT INTO Matches VALUES(394,'Manchester','2005-12-08');
INSERT INTO Matches VALUES(395,'Cardiff','2003-01-24');
INSERT INTO Matches VALUES(396,'Munich','2006-03-02');
INSERT INTO Matches VALUES(397,'Firenze','2003-05-01');
INSERT INTO Matches VALUES(398,'Shanghai','2000-07-14');
INSERT INTO Matches VALUES(399,'Lyon','2007-01-17');
INSERT INTO Matches VALUES(400,'Perugia','2005-01-17');
INSERT INTO Matches VALUES(401,'San Carlos','2000-05-11');
INSERT INTO Matches VALUES(402,'Tehran','2006-09-24');
INSERT INTO Matches VALUES(403,'Linkoping','2007-02-12');
INSERT INTO Matches VALUES(404,'Berlin','2002-02-25');
INSERT INTO Matches VALUES(405,'Brisbane','2005-08-16');
INSERT INTO Matches VALUES(406,'Kyoto','2004-06-12');
INSERT INTO Matches VALUES(407,'Busan','2001-06-21');
INSERT INTO Matches VALUES(408,'Madrid','2000-01-02');
INSERT INTO Matches VALUES(409,'Paris','2008-07-15');
INSERT INTO Matches VALUES(410,'Sydney','2000-05-02');
INSERT INTO Matches VALUES(411,'Eindhoven','2007-11-27');
INSERT INTO Matches VALUES(412,'Dortmund','2004-07-28');
INSERT INTO Matches VALUES(413,'Kyoto','2007-10-08');
INSERT INTO Matches VALUES(414,'Brisbane','2005-04-26');
INSERT INTO Matches VALUES(415,'Madrid','2004-04-12');
INSERT INTO Matches VALUES(416,'Shanghai','2007-07-08');
INSERT INTO Matches VALUES(417,'Sao Paulo','2006-02-27');
INSERT INTO Matches VALUES(418,'Manchester','2003-07-01');
INSERT INTO Matches VALUES(419,'Perugia','2008-05-06');
INSERT INTO Matches VALUES(420,'Tehran','2000-02-21');
INSERT INTO Matches VALUES(421,'San Carlos','2001-10-13');
INSERT INTO Matches VALUES(422,'San Carlos','2002-03-16');
INSERT INTO Matches VALUES(423,'Sao Paulo','2000-08-08');
INSERT INTO Matches VALUES(424,'Montevideo','2007-02-05');
INSERT INTO Matches VALUES(425,'Amsterdam','2008-06-14');
INSERT INTO Matches VALUES(426,'Beijing','2000-12-20');
INSERT INTO Matches VALUES(427,'Rio de Janiero','2000-11-04');
INSERT INTO Matches VALUES(428,'Tabriz','2005-11-13');
INSERT INTO Matches VALUES(429,'Montevideo','2002-06-11');
INSERT INTO Matches VALUES(430,'Madrid','2007-08-12');
INSERT INTO Matches VALUES(431,'Dortmund','2007-07-25');
INSERT INTO Matches VALUES(432,'Tokyo','2003-12-16');
INSERT INTO Matches VALUES(433,'Sao Paulo','2004-07-12');
INSERT INTO Matches VALUES(434,'Cardiff','2004-04-03');
INSERT INTO Matches VALUES(435,'Eindhoven','2006-05-25');
INSERT INTO Matches VALUES(436,'Munich','2008-02-14');
INSERT INTO Matches VALUES(437,'Shanghai','2001-02-08');
INSERT INTO Matches VALUES(438,'Lyon','2006-09-26');
INSERT INTO Matches VALUES(439,'Roma','2008-11-23');
INSERT INTO Matches VALUES(440,'Lyon','2004-03-23');
INSERT INTO Matches VALUES(441,'Manchester','2004-12-21');
INSERT INTO Matches VALUES(442,'Shanghai','2008-06-14');
INSERT INTO Matches VALUES(443,'Busan','2001-02-21');
INSERT INTO Matches VALUES(444,'Munich','2006-02-05');
INSERT INTO Matches VALUES(445,'Busan','2005-03-07');
INSERT INTO Matches VALUES(446,'Eindhoven','2008-02-28');
INSERT INTO Matches VALUES(447,'Sydney','2006-02-21');
INSERT INTO Matches VALUES(448,'Buenos Aires','2001-06-15');
INSERT INTO Matches VALUES(449,'Linkoping','2002-07-01');
INSERT INTO Matches VALUES(450,'Cardiff','2001-12-23');
INSERT INTO Matches VALUES(451,'San Carlos','2000-03-22');
INSERT INTO Matches VALUES(452,'Busan','2008-03-06');
INSERT INTO Matches VALUES(453,'Linkoping','2006-09-09');
INSERT INTO Matches VALUES(454,'Tokyo','2003-09-25');
INSERT INTO Matches VALUES(455,'Santa Cruz','2006-09-18');
INSERT INTO Matches VALUES(456,'Rio de Janiero','2006-07-16');
INSERT INTO Matches VALUES(457,'Nagasaki','2003-08-07');
INSERT INTO Matches VALUES(458,'Tabriz','2002-06-24');
INSERT INTO Matches VALUES(459,'Santa Cruz','2000-01-03');
INSERT INTO Matches VALUES(460,'Eindhoven','2000-02-10');
INSERT INTO Matches VALUES(461,'Lyon','2004-03-27');
INSERT INTO Matches VALUES(462,'Paris','2002-07-24');
INSERT INTO Matches VALUES(463,'Madrid','2004-08-27');
INSERT INTO Matches VALUES(464,'Perugia','2008-12-17');
INSERT INTO Matches VALUES(465,'Paris','2004-11-27');
INSERT INTO Matches VALUES(466,'Shanghai','2003-09-12');
INSERT INTO Matches VALUES(467,'Shanghai','2003-03-17');
INSERT INTO Matches VALUES(468,'Berlin','2003-02-28');
INSERT INTO Matches VALUES(469,'Seoul','2003-02-23');
INSERT INTO Matches VALUES(470,'Stockholm','2004-11-28');
INSERT INTO Matches VALUES(471,'Madrid','2006-08-10');
INSERT INTO Matches VALUES(472,'Kyoto','2006-09-09');
INSERT INTO Matches VALUES(473,'Buenos Aires','2007-07-27');
INSERT INTO Matches VALUES(474,'Linkoping','2001-02-02');
INSERT INTO Matches VALUES(475,'Rio de Janiero','2008-04-20');
INSERT INTO Matches VALUES(476,'Seoul','2006-11-02');
INSERT INTO Matches VALUES(477,'Rio de Janiero','2000-03-24');
INSERT INTO Matches VALUES(478,'Beijing','2001-05-12');
INSERT INTO Matches VALUES(479,'Linkoping','2008-11-06');
INSERT INTO Matches VALUES(480,'Sao Paulo','2008-03-12');
INSERT INTO Matches VALUES(481,'Sao Paulo','2007-05-08');
INSERT INTO Matches VALUES(482,'Santa Cruz','2008-12-22');
INSERT INTO Matches VALUES(483,'Santa Cruz','2003-03-15');
INSERT INTO Matches VALUES(484,'Tehran','2006-04-16');
INSERT INTO Matches VALUES(485,'Shanghai','2007-01-18');
INSERT INTO Matches VALUES(486,'Stockholm','2007-08-04');
INSERT INTO Matches VALUES(487,'Sao Paulo','2005-12-17');
INSERT INTO Matches VALUES(488,'Amsterdam','2007-06-15');
INSERT INTO Matches VALUES(489,'Tokyo','2001-12-02');
INSERT INTO Matches VALUES(490,'Manchester','2005-08-08');
INSERT INTO Matches VALUES(491,'Nagasaki','2004-05-08');
INSERT INTO Matches VALUES(492,'Seoul','2000-04-21');
INSERT INTO Matches VALUES(493,'Firenze','2007-11-11');
INSERT INTO Matches VALUES(494,'Perugia','2005-01-05');
INSERT INTO Matches VALUES(495,'Sao Paulo','2001-01-14');
INSERT INTO Matches VALUES(496,'Tehran','2007-03-28');
INSERT INTO Matches VALUES(497,'Lyon','2003-06-05');
INSERT INTO Matches VALUES(498,'Beijing','2000-05-25');
INSERT INTO Matches VALUES(499,'Cardiff','2004-08-22');
INSERT INTO Matches VALUES(500,'Eindhoven','2004-10-11');
CREATE TABLE Teams (
	id          integer,
	country     varchar(50) not null,
	primary key (id)
);
INSERT INTO Teams VALUES(1,'Argentina');
INSERT INTO Teams VALUES(2,'Australia');
INSERT INTO Teams VALUES(3,'Brazil');
INSERT INTO Teams VALUES(4,'China');
INSERT INTO Teams VALUES(5,'England');
INSERT INTO Teams VALUES(6,'France');
INSERT INTO Teams VALUES(7,'Germany');
INSERT INTO Teams VALUES(8,'Italy');
INSERT INTO Teams VALUES(9,'Iran');
INSERT INTO Teams VALUES(10,'Japan');
INSERT INTO Teams VALUES(11,'Korea');
INSERT INTO Teams VALUES(12,'Netherlands');
INSERT INTO Teams VALUES(13,'Spain');
INSERT INTO Teams VALUES(14,'Sweden');
INSERT INTO Teams VALUES(15,'Uruguay');
CREATE TABLE Involves (
	match       integer not null,
	team        integer not null,
	primary key (match,team),
	foreign key (match) references Matches(id),
	foreign key (team) references Teams(id)
);
INSERT INTO Involves VALUES(101,3);
INSERT INTO Involves VALUES(101,5);
INSERT INTO Involves VALUES(102,4);
INSERT INTO Involves VALUES(102,3);
INSERT INTO Involves VALUES(103,1);
INSERT INTO Involves VALUES(103,8);
INSERT INTO Involves VALUES(104,14);
INSERT INTO Involves VALUES(104,15);
INSERT INTO Involves VALUES(105,1);
INSERT INTO Involves VALUES(105,14);
INSERT INTO Involves VALUES(106,13);
INSERT INTO Involves VALUES(106,10);
INSERT INTO Involves VALUES(107,15);
INSERT INTO Involves VALUES(107,6);
INSERT INTO Involves VALUES(108,3);
INSERT INTO Involves VALUES(108,2);
INSERT INTO Involves VALUES(109,10);
INSERT INTO Involves VALUES(109,3);
INSERT INTO Involves VALUES(110,5);
INSERT INTO Involves VALUES(110,11);
INSERT INTO Involves VALUES(111,8);
INSERT INTO Involves VALUES(111,3);
INSERT INTO Involves VALUES(112,10);
INSERT INTO Involves VALUES(112,2);
INSERT INTO Involves VALUES(113,11);
INSERT INTO Involves VALUES(113,3);
INSERT INTO Involves VALUES(114,8);
INSERT INTO Involves VALUES(114,12);
INSERT INTO Involves VALUES(115,9);
INSERT INTO Involves VALUES(115,3);
INSERT INTO Involves VALUES(116,3);
INSERT INTO Involves VALUES(116,6);
INSERT INTO Involves VALUES(117,14);
INSERT INTO Involves VALUES(117,10);
INSERT INTO Involves VALUES(118,2);
INSERT INTO Involves VALUES(118,5);
INSERT INTO Involves VALUES(119,4);
INSERT INTO Involves VALUES(119,2);
INSERT INTO Involves VALUES(120,3);
INSERT INTO Involves VALUES(120,11);
INSERT INTO Involves VALUES(121,13);
INSERT INTO Involves VALUES(121,12);
INSERT INTO Involves VALUES(122,6);
INSERT INTO Involves VALUES(122,7);
INSERT INTO Involves VALUES(123,8);
INSERT INTO Involves VALUES(123,14);
INSERT INTO Involves VALUES(124,11);
INSERT INTO Involves VALUES(124,6);
INSERT INTO Involves VALUES(125,6);
INSERT INTO Involves VALUES(125,7);
INSERT INTO Involves VALUES(126,1);
INSERT INTO Involves VALUES(126,6);
INSERT INTO Involves VALUES(127,14);
INSERT INTO Involves VALUES(127,2);
INSERT INTO Involves VALUES(128,5);
INSERT INTO Involves VALUES(128,10);
INSERT INTO Involves VALUES(129,14);
INSERT INTO Involves VALUES(129,9);
INSERT INTO Involves VALUES(130,1);
INSERT INTO Involves VALUES(130,2);
INSERT INTO Involves VALUES(131,13);
INSERT INTO Involves VALUES(131,2);
INSERT INTO Involves VALUES(132,5);
INSERT INTO Involves VALUES(132,2);
INSERT INTO Involves VALUES(133,14);
INSERT INTO Involves VALUES(133,6);
INSERT INTO Involves VALUES(134,10);
INSERT INTO Involves VALUES(134,13);
INSERT INTO Involves VALUES(135,8);
INSERT INTO Involves VALUES(135,5);
INSERT INTO Involves VALUES(136,4);
INSERT INTO Involves VALUES(136,3);
INSERT INTO Involves VALUES(137,8);
INSERT INTO Involves VALUES(137,5);
INSERT INTO Involves VALUES(138,10);
INSERT INTO Involves VALUES(138,5);
INSERT INTO Involves VALUES(139,15);
INSERT INTO Involves VALUES(139,11);
INSERT INTO Involves VALUES(140,15);
INSERT INTO Involves VALUES(140,14);
INSERT INTO Involves VALUES(141,4);
INSERT INTO Involves VALUES(141,7);
INSERT INTO Involves VALUES(142,9);
INSERT INTO Involves VALUES(142,10);
INSERT INTO Involves VALUES(143,9);
INSERT INTO Involves VALUES(143,10);
INSERT INTO Involves VALUES(144,6);
INSERT INTO Involves VALUES(144,11);
INSERT INTO Involves VALUES(145,9);
INSERT INTO Involves VALUES(145,2);
INSERT INTO Involves VALUES(146,13);
INSERT INTO Involves VALUES(146,2);
INSERT INTO Involves VALUES(147,13);
INSERT INTO Involves VALUES(147,3);
INSERT INTO Involves VALUES(148,12);
INSERT INTO Involves VALUES(148,13);
INSERT INTO Involves VALUES(149,14);
INSERT INTO Involves VALUES(149,10);
INSERT INTO Involves VALUES(150,9);
INSERT INTO Involves VALUES(150,6);
INSERT INTO Involves VALUES(151,7);
INSERT INTO Involves VALUES(151,8);
INSERT INTO Involves VALUES(152,2);
INSERT INTO Involves VALUES(152,13);
INSERT INTO Involves VALUES(153,11);
INSERT INTO Involves VALUES(153,12);
INSERT INTO Involves VALUES(154,2);
INSERT INTO Involves VALUES(154,10);
INSERT INTO Involves VALUES(155,5);
INSERT INTO Involves VALUES(155,4);
INSERT INTO Involves VALUES(156,12);
INSERT INTO Involves VALUES(156,2);
INSERT INTO Involves VALUES(157,7);
INSERT INTO Involves VALUES(157,6);
INSERT INTO Involves VALUES(158,14);
INSERT INTO Involves VALUES(158,10);
INSERT INTO Involves VALUES(159,2);
INSERT INTO Involves VALUES(159,8);
INSERT INTO Involves VALUES(160,3);
INSERT INTO Involves VALUES(160,8);
INSERT INTO Involves VALUES(161,9);
INSERT INTO Involves VALUES(161,3);
INSERT INTO Involves VALUES(162,11);
INSERT INTO Involves VALUES(162,9);
INSERT INTO Involves VALUES(163,6);
INSERT INTO Involves VALUES(163,1);
INSERT INTO Involves VALUES(164,9);
INSERT INTO Involves VALUES(164,2);
INSERT INTO Involves VALUES(165,9);
INSERT INTO Involves VALUES(165,1);
INSERT INTO Involves VALUES(166,3);
INSERT INTO Involves VALUES(166,12);
INSERT INTO Involves VALUES(167,7);
INSERT INTO Involves VALUES(167,2);
INSERT INTO Involves VALUES(168,15);
INSERT INTO Involves VALUES(168,9);
INSERT INTO Involves VALUES(169,15);
INSERT INTO Involves VALUES(169,7);
INSERT INTO Involves VALUES(170,13);
INSERT INTO Involves VALUES(170,4);
INSERT INTO Involves VALUES(171,14);
INSERT INTO Involves VALUES(171,7);
INSERT INTO Involves VALUES(172,11);
INSERT INTO Involves VALUES(172,10);
INSERT INTO Involves VALUES(173,8);
INSERT INTO Involves VALUES(173,11);
INSERT INTO Involves VALUES(174,5);
INSERT INTO Involves VALUES(174,4);
INSERT INTO Involves VALUES(175,7);
INSERT INTO Involves VALUES(175,9);
INSERT INTO Involves VALUES(176,13);
INSERT INTO Involves VALUES(176,1);
INSERT INTO Involves VALUES(177,5);
INSERT INTO Involves VALUES(177,10);
INSERT INTO Involves VALUES(178,10);
INSERT INTO Involves VALUES(178,4);
INSERT INTO Involves VALUES(179,13);
INSERT INTO Involves VALUES(179,7);
INSERT INTO Involves VALUES(180,10);
INSERT INTO Involves VALUES(180,11);
INSERT INTO Involves VALUES(181,12);
INSERT INTO Involves VALUES(181,7);
INSERT INTO Involves VALUES(182,5);
INSERT INTO Involves VALUES(182,14);
INSERT INTO Involves VALUES(183,15);
INSERT INTO Involves VALUES(183,6);
INSERT INTO Involves VALUES(184,1);
INSERT INTO Involves VALUES(184,2);
INSERT INTO Involves VALUES(185,9);
INSERT INTO Involves VALUES(185,5);
INSERT INTO Involves VALUES(186,8);
INSERT INTO Involves VALUES(186,4);
INSERT INTO Involves VALUES(187,9);
INSERT INTO Involves VALUES(187,13);
INSERT INTO Involves VALUES(188,3);
INSERT INTO Involves VALUES(188,12);
INSERT INTO Involves VALUES(189,14);
INSERT INTO Involves VALUES(189,9);
INSERT INTO Involves VALUES(190,13);
INSERT INTO Involves VALUES(190,2);
INSERT INTO Involves VALUES(191,3);
INSERT INTO Involves VALUES(191,12);
INSERT INTO Involves VALUES(192,13);
INSERT INTO Involves VALUES(192,6);
INSERT INTO Involves VALUES(193,8);
INSERT INTO Involves VALUES(193,11);
INSERT INTO Involves VALUES(194,9);
INSERT INTO Involves VALUES(194,7);
INSERT INTO Involves VALUES(195,1);
INSERT INTO Involves VALUES(195,6);
INSERT INTO Involves VALUES(196,14);
INSERT INTO Involves VALUES(196,4);
INSERT INTO Involves VALUES(197,12);
INSERT INTO Involves VALUES(197,6);
INSERT INTO Involves VALUES(198,14);
INSERT INTO Involves VALUES(198,13);
INSERT INTO Involves VALUES(199,14);
INSERT INTO Involves VALUES(199,2);
INSERT INTO Involves VALUES(200,15);
INSERT INTO Involves VALUES(200,8);
INSERT INTO Involves VALUES(201,11);
INSERT INTO Involves VALUES(201,12);
INSERT INTO Involves VALUES(202,2);
INSERT INTO Involves VALUES(202,14);
INSERT INTO Involves VALUES(203,14);
INSERT INTO Involves VALUES(203,4);
INSERT INTO Involves VALUES(204,15);
INSERT INTO Involves VALUES(204,13);
INSERT INTO Involves VALUES(205,12);
INSERT INTO Involves VALUES(205,15);
INSERT INTO Involves VALUES(206,5);
INSERT INTO Involves VALUES(206,4);
INSERT INTO Involves VALUES(207,4);
INSERT INTO Involves VALUES(207,13);
INSERT INTO Involves VALUES(208,5);
INSERT INTO Involves VALUES(208,14);
INSERT INTO Involves VALUES(209,4);
INSERT INTO Involves VALUES(209,5);
INSERT INTO Involves VALUES(210,15);
INSERT INTO Involves VALUES(210,14);
INSERT INTO Involves VALUES(211,14);
INSERT INTO Involves VALUES(211,3);
INSERT INTO Involves VALUES(212,6);
INSERT INTO Involves VALUES(212,1);
INSERT INTO Involves VALUES(213,10);
INSERT INTO Involves VALUES(213,11);
INSERT INTO Involves VALUES(214,11);
INSERT INTO Involves VALUES(214,1);
INSERT INTO Involves VALUES(215,10);
INSERT INTO Involves VALUES(215,6);
INSERT INTO Involves VALUES(216,2);
INSERT INTO Involves VALUES(216,15);
INSERT INTO Involves VALUES(217,4);
INSERT INTO Involves VALUES(217,14);
INSERT INTO Involves VALUES(218,4);
INSERT INTO Involves VALUES(218,1);
INSERT INTO Involves VALUES(219,3);
INSERT INTO Involves VALUES(219,5);
INSERT INTO Involves VALUES(220,6);
INSERT INTO Involves VALUES(220,2);
INSERT INTO Involves VALUES(221,7);
INSERT INTO Involves VALUES(221,12);
INSERT INTO Involves VALUES(222,1);
INSERT INTO Involves VALUES(222,4);
INSERT INTO Involves VALUES(223,6);
INSERT INTO Involves VALUES(223,9);
INSERT INTO Involves VALUES(224,3);
INSERT INTO Involves VALUES(224,12);
INSERT INTO Involves VALUES(225,12);
INSERT INTO Involves VALUES(225,1);
INSERT INTO Involves VALUES(226,11);
INSERT INTO Involves VALUES(226,15);
INSERT INTO Involves VALUES(227,7);
INSERT INTO Involves VALUES(227,14);
INSERT INTO Involves VALUES(228,10);
INSERT INTO Involves VALUES(228,3);
INSERT INTO Involves VALUES(229,1);
INSERT INTO Involves VALUES(229,12);
INSERT INTO Involves VALUES(230,1);
INSERT INTO Involves VALUES(230,6);
INSERT INTO Involves VALUES(231,15);
INSERT INTO Involves VALUES(231,2);
INSERT INTO Involves VALUES(232,6);
INSERT INTO Involves VALUES(232,7);
INSERT INTO Involves VALUES(233,8);
INSERT INTO Involves VALUES(233,12);
INSERT INTO Involves VALUES(234,12);
INSERT INTO Involves VALUES(234,6);
INSERT INTO Involves VALUES(235,6);
INSERT INTO Involves VALUES(235,1);
INSERT INTO Involves VALUES(236,7);
INSERT INTO Involves VALUES(236,14);
INSERT INTO Involves VALUES(237,13);
INSERT INTO Involves VALUES(237,9);
INSERT INTO Involves VALUES(238,12);
INSERT INTO Involves VALUES(238,6);
INSERT INTO Involves VALUES(239,5);
INSERT INTO Involves VALUES(239,15);
INSERT INTO Involves VALUES(240,1);
INSERT INTO Involves VALUES(240,7);
INSERT INTO Involves VALUES(241,11);
INSERT INTO Involves VALUES(241,9);
INSERT INTO Involves VALUES(242,8);
INSERT INTO Involves VALUES(242,5);
INSERT INTO Involves VALUES(243,14);
INSERT INTO Involves VALUES(243,3);
INSERT INTO Involves VALUES(244,1);
INSERT INTO Involves VALUES(244,12);
INSERT INTO Involves VALUES(245,15);
INSERT INTO Involves VALUES(245,11);
INSERT INTO Involves VALUES(246,14);
INSERT INTO Involves VALUES(246,3);
INSERT INTO Involves VALUES(247,13);
INSERT INTO Involves VALUES(247,9);
INSERT INTO Involves VALUES(248,10);
INSERT INTO Involves VALUES(248,12);
INSERT INTO Involves VALUES(249,12);
INSERT INTO Involves VALUES(249,15);
INSERT INTO Involves VALUES(250,9);
INSERT INTO Involves VALUES(250,12);
INSERT INTO Involves VALUES(251,15);
INSERT INTO Involves VALUES(251,1);
INSERT INTO Involves VALUES(252,12);
INSERT INTO Involves VALUES(252,10);
INSERT INTO Involves VALUES(253,12);
INSERT INTO Involves VALUES(253,2);
INSERT INTO Involves VALUES(254,2);
INSERT INTO Involves VALUES(254,12);
INSERT INTO Involves VALUES(255,8);
INSERT INTO Involves VALUES(255,15);
INSERT INTO Involves VALUES(256,4);
INSERT INTO Involves VALUES(256,14);
INSERT INTO Involves VALUES(257,5);
INSERT INTO Involves VALUES(257,13);
INSERT INTO Involves VALUES(258,1);
INSERT INTO Involves VALUES(258,6);
INSERT INTO Involves VALUES(259,3);
INSERT INTO Involves VALUES(259,10);
INSERT INTO Involves VALUES(260,1);
INSERT INTO Involves VALUES(260,11);
INSERT INTO Involves VALUES(261,1);
INSERT INTO Involves VALUES(261,10);
INSERT INTO Involves VALUES(262,14);
INSERT INTO Involves VALUES(262,10);
INSERT INTO Involves VALUES(263,10);
INSERT INTO Involves VALUES(263,4);
INSERT INTO Involves VALUES(264,9);
INSERT INTO Involves VALUES(264,7);
INSERT INTO Involves VALUES(265,9);
INSERT INTO Involves VALUES(265,6);
INSERT INTO Involves VALUES(266,1);
INSERT INTO Involves VALUES(266,4);
INSERT INTO Involves VALUES(267,12);
INSERT INTO Involves VALUES(267,13);
INSERT INTO Involves VALUES(268,7);
INSERT INTO Involves VALUES(268,9);
INSERT INTO Involves VALUES(269,10);
INSERT INTO Involves VALUES(269,2);
INSERT INTO Involves VALUES(270,7);
INSERT INTO Involves VALUES(270,8);
INSERT INTO Involves VALUES(271,5);
INSERT INTO Involves VALUES(271,13);
INSERT INTO Involves VALUES(272,1);
INSERT INTO Involves VALUES(272,7);
INSERT INTO Involves VALUES(273,7);
INSERT INTO Involves VALUES(273,11);
INSERT INTO Involves VALUES(274,4);
INSERT INTO Involves VALUES(274,2);
INSERT INTO Involves VALUES(275,8);
INSERT INTO Involves VALUES(275,2);
INSERT INTO Involves VALUES(276,4);
INSERT INTO Involves VALUES(276,15);
INSERT INTO Involves VALUES(277,12);
INSERT INTO Involves VALUES(277,10);
INSERT INTO Involves VALUES(278,14);
INSERT INTO Involves VALUES(278,13);
INSERT INTO Involves VALUES(279,9);
INSERT INTO Involves VALUES(279,14);
INSERT INTO Involves VALUES(280,5);
INSERT INTO Involves VALUES(280,15);
INSERT INTO Involves VALUES(281,15);
INSERT INTO Involves VALUES(281,6);
INSERT INTO Involves VALUES(282,10);
INSERT INTO Involves VALUES(282,13);
INSERT INTO Involves VALUES(283,10);
INSERT INTO Involves VALUES(283,12);
INSERT INTO Involves VALUES(284,13);
INSERT INTO Involves VALUES(284,8);
INSERT INTO Involves VALUES(285,13);
INSERT INTO Involves VALUES(285,11);
INSERT INTO Involves VALUES(286,12);
INSERT INTO Involves VALUES(286,13);
INSERT INTO Involves VALUES(287,1);
INSERT INTO Involves VALUES(287,7);
INSERT INTO Involves VALUES(288,7);
INSERT INTO Involves VALUES(288,14);
INSERT INTO Involves VALUES(289,4);
INSERT INTO Involves VALUES(289,14);
INSERT INTO Involves VALUES(290,6);
INSERT INTO Involves VALUES(290,10);
INSERT INTO Involves VALUES(291,14);
INSERT INTO Involves VALUES(291,13);
INSERT INTO Involves VALUES(292,5);
INSERT INTO Involves VALUES(292,14);
INSERT INTO Involves VALUES(293,4);
INSERT INTO Involves VALUES(293,14);
INSERT INTO Involves VALUES(294,7);
INSERT INTO Involves VALUES(294,8);
INSERT INTO Involves VALUES(295,1);
INSERT INTO Involves VALUES(295,9);
INSERT INTO Involves VALUES(296,1);
INSERT INTO Involves VALUES(296,7);
INSERT INTO Involves VALUES(297,11);
INSERT INTO Involves VALUES(297,14);
INSERT INTO Involves VALUES(298,12);
INSERT INTO Involves VALUES(298,2);
INSERT INTO Involves VALUES(299,3);
INSERT INTO Involves VALUES(299,11);
INSERT INTO Involves VALUES(300,15);
INSERT INTO Involves VALUES(300,7);
INSERT INTO Involves VALUES(301,1);
INSERT INTO Involves VALUES(301,13);
INSERT INTO Involves VALUES(302,14);
INSERT INTO Involves VALUES(302,5);
INSERT INTO Involves VALUES(303,5);
INSERT INTO Involves VALUES(303,2);
INSERT INTO Involves VALUES(304,1);
INSERT INTO Involves VALUES(304,7);
INSERT INTO Involves VALUES(305,8);
INSERT INTO Involves VALUES(305,15);
INSERT INTO Involves VALUES(306,10);
INSERT INTO Involves VALUES(306,13);
INSERT INTO Involves VALUES(307,14);
INSERT INTO Involves VALUES(307,13);
INSERT INTO Involves VALUES(308,2);
INSERT INTO Involves VALUES(308,1);
INSERT INTO Involves VALUES(309,4);
INSERT INTO Involves VALUES(309,12);
INSERT INTO Involves VALUES(310,11);
INSERT INTO Involves VALUES(310,13);
INSERT INTO Involves VALUES(311,3);
INSERT INTO Involves VALUES(311,1);
INSERT INTO Involves VALUES(312,3);
INSERT INTO Involves VALUES(312,1);
INSERT INTO Involves VALUES(313,4);
INSERT INTO Involves VALUES(313,7);
INSERT INTO Involves VALUES(314,15);
INSERT INTO Involves VALUES(314,13);
INSERT INTO Involves VALUES(315,4);
INSERT INTO Involves VALUES(315,3);
INSERT INTO Involves VALUES(316,12);
INSERT INTO Involves VALUES(316,13);
INSERT INTO Involves VALUES(317,3);
INSERT INTO Involves VALUES(317,11);
INSERT INTO Involves VALUES(318,12);
INSERT INTO Involves VALUES(318,13);
INSERT INTO Involves VALUES(319,2);
INSERT INTO Involves VALUES(319,14);
INSERT INTO Involves VALUES(320,12);
INSERT INTO Involves VALUES(320,8);
INSERT INTO Involves VALUES(321,5);
INSERT INTO Involves VALUES(321,9);
INSERT INTO Involves VALUES(322,13);
INSERT INTO Involves VALUES(322,1);
INSERT INTO Involves VALUES(323,12);
INSERT INTO Involves VALUES(323,14);
INSERT INTO Involves VALUES(324,1);
INSERT INTO Involves VALUES(324,15);
INSERT INTO Involves VALUES(325,10);
INSERT INTO Involves VALUES(325,14);
INSERT INTO Involves VALUES(326,2);
INSERT INTO Involves VALUES(326,15);
INSERT INTO Involves VALUES(327,10);
INSERT INTO Involves VALUES(327,4);
INSERT INTO Involves VALUES(328,12);
INSERT INTO Involves VALUES(328,14);
INSERT INTO Involves VALUES(329,12);
INSERT INTO Involves VALUES(329,13);
INSERT INTO Involves VALUES(330,13);
INSERT INTO Involves VALUES(330,10);
INSERT INTO Involves VALUES(331,13);
INSERT INTO Involves VALUES(331,12);
INSERT INTO Involves VALUES(332,5);
INSERT INTO Involves VALUES(332,15);
INSERT INTO Involves VALUES(333,5);
INSERT INTO Involves VALUES(333,6);
INSERT INTO Involves VALUES(334,2);
INSERT INTO Involves VALUES(334,6);
INSERT INTO Involves VALUES(335,10);
INSERT INTO Involves VALUES(335,15);
INSERT INTO Involves VALUES(336,7);
INSERT INTO Involves VALUES(336,9);
INSERT INTO Involves VALUES(337,4);
INSERT INTO Involves VALUES(337,3);
INSERT INTO Involves VALUES(338,2);
INSERT INTO Involves VALUES(338,1);
INSERT INTO Involves VALUES(339,7);
INSERT INTO Involves VALUES(339,6);
INSERT INTO Involves VALUES(340,11);
INSERT INTO Involves VALUES(340,3);
INSERT INTO Involves VALUES(341,14);
INSERT INTO Involves VALUES(341,15);
INSERT INTO Involves VALUES(342,15);
INSERT INTO Involves VALUES(342,10);
INSERT INTO Involves VALUES(343,1);
INSERT INTO Involves VALUES(343,11);
INSERT INTO Involves VALUES(344,15);
INSERT INTO Involves VALUES(344,7);
INSERT INTO Involves VALUES(345,2);
INSERT INTO Involves VALUES(345,7);
INSERT INTO Involves VALUES(346,10);
INSERT INTO Involves VALUES(346,13);
INSERT INTO Involves VALUES(347,14);
INSERT INTO Involves VALUES(347,11);
INSERT INTO Involves VALUES(348,4);
INSERT INTO Involves VALUES(348,13);
INSERT INTO Involves VALUES(349,14);
INSERT INTO Involves VALUES(349,8);
INSERT INTO Involves VALUES(350,14);
INSERT INTO Involves VALUES(350,5);
INSERT INTO Involves VALUES(351,7);
INSERT INTO Involves VALUES(351,14);
INSERT INTO Involves VALUES(352,9);
INSERT INTO Involves VALUES(352,13);
INSERT INTO Involves VALUES(353,7);
INSERT INTO Involves VALUES(353,6);
INSERT INTO Involves VALUES(354,15);
INSERT INTO Involves VALUES(354,11);
INSERT INTO Involves VALUES(355,2);
INSERT INTO Involves VALUES(355,14);
INSERT INTO Involves VALUES(356,6);
INSERT INTO Involves VALUES(356,15);
INSERT INTO Involves VALUES(357,3);
INSERT INTO Involves VALUES(357,4);
INSERT INTO Involves VALUES(358,6);
INSERT INTO Involves VALUES(358,9);
INSERT INTO Involves VALUES(359,7);
INSERT INTO Involves VALUES(359,6);
INSERT INTO Involves VALUES(360,13);
INSERT INTO Involves VALUES(360,10);
INSERT INTO Involves VALUES(361,15);
INSERT INTO Involves VALUES(361,3);
INSERT INTO Involves VALUES(362,11);
INSERT INTO Involves VALUES(362,2);
INSERT INTO Involves VALUES(363,11);
INSERT INTO Involves VALUES(363,1);
INSERT INTO Involves VALUES(364,3);
INSERT INTO Involves VALUES(364,8);
INSERT INTO Involves VALUES(365,9);
INSERT INTO Involves VALUES(365,14);
INSERT INTO Involves VALUES(366,7);
INSERT INTO Involves VALUES(366,5);
INSERT INTO Involves VALUES(367,6);
INSERT INTO Involves VALUES(367,11);
INSERT INTO Involves VALUES(368,12);
INSERT INTO Involves VALUES(368,13);
INSERT INTO Involves VALUES(369,10);
INSERT INTO Involves VALUES(369,4);
INSERT INTO Involves VALUES(370,1);
INSERT INTO Involves VALUES(370,8);
INSERT INTO Involves VALUES(371,2);
INSERT INTO Involves VALUES(371,7);
INSERT INTO Involves VALUES(372,3);
INSERT INTO Involves VALUES(372,9);
INSERT INTO Involves VALUES(373,5);
INSERT INTO Involves VALUES(373,9);
INSERT INTO Involves VALUES(374,6);
INSERT INTO Involves VALUES(374,10);
INSERT INTO Involves VALUES(375,8);
INSERT INTO Involves VALUES(375,10);
INSERT INTO Involves VALUES(376,13);
INSERT INTO Involves VALUES(376,11);
INSERT INTO Involves VALUES(377,10);
INSERT INTO Involves VALUES(377,11);
INSERT INTO Involves VALUES(378,14);
INSERT INTO Involves VALUES(378,4);
INSERT INTO Involves VALUES(379,2);
INSERT INTO Involves VALUES(379,10);
INSERT INTO Involves VALUES(380,10);
INSERT INTO Involves VALUES(380,3);
INSERT INTO Involves VALUES(381,15);
INSERT INTO Involves VALUES(381,2);
INSERT INTO Involves VALUES(382,3);
INSERT INTO Involves VALUES(382,2);
INSERT INTO Involves VALUES(383,6);
INSERT INTO Involves VALUES(383,7);
INSERT INTO Involves VALUES(384,7);
INSERT INTO Involves VALUES(384,10);
INSERT INTO Involves VALUES(385,1);
INSERT INTO Involves VALUES(385,15);
INSERT INTO Involves VALUES(386,9);
INSERT INTO Involves VALUES(386,5);
INSERT INTO Involves VALUES(387,12);
INSERT INTO Involves VALUES(387,14);
INSERT INTO Involves VALUES(388,6);
INSERT INTO Involves VALUES(388,10);
INSERT INTO Involves VALUES(389,5);
INSERT INTO Involves VALUES(389,6);
INSERT INTO Involves VALUES(390,10);
INSERT INTO Involves VALUES(390,15);
INSERT INTO Involves VALUES(391,7);
INSERT INTO Involves VALUES(391,9);
INSERT INTO Involves VALUES(392,13);
INSERT INTO Involves VALUES(392,4);
INSERT INTO Involves VALUES(393,1);
INSERT INTO Involves VALUES(393,12);
INSERT INTO Involves VALUES(394,9);
INSERT INTO Involves VALUES(394,5);
INSERT INTO Involves VALUES(395,3);
INSERT INTO Involves VALUES(395,5);
INSERT INTO Involves VALUES(396,1);
INSERT INTO Involves VALUES(396,7);
INSERT INTO Involves VALUES(397,10);
INSERT INTO Involves VALUES(397,8);
INSERT INTO Involves VALUES(398,14);
INSERT INTO Involves VALUES(398,4);
INSERT INTO Involves VALUES(399,2);
INSERT INTO Involves VALUES(399,6);
INSERT INTO Involves VALUES(400,6);
INSERT INTO Involves VALUES(400,8);
INSERT INTO Involves VALUES(401,9);
INSERT INTO Involves VALUES(401,15);
INSERT INTO Involves VALUES(402,13);
INSERT INTO Involves VALUES(402,9);
INSERT INTO Involves VALUES(403,3);
INSERT INTO Involves VALUES(403,14);
INSERT INTO Involves VALUES(404,13);
INSERT INTO Involves VALUES(404,7);
INSERT INTO Involves VALUES(405,10);
INSERT INTO Involves VALUES(405,2);
INSERT INTO Involves VALUES(406,9);
INSERT INTO Involves VALUES(406,10);
INSERT INTO Involves VALUES(407,5);
INSERT INTO Involves VALUES(407,11);
INSERT INTO Involves VALUES(408,9);
INSERT INTO Involves VALUES(408,13);
INSERT INTO Involves VALUES(409,8);
INSERT INTO Involves VALUES(409,6);
INSERT INTO Involves VALUES(410,14);
INSERT INTO Involves VALUES(410,2);
INSERT INTO Involves VALUES(411,14);
INSERT INTO Involves VALUES(411,12);
INSERT INTO Involves VALUES(412,8);
INSERT INTO Involves VALUES(412,7);
INSERT INTO Involves VALUES(413,11);
INSERT INTO Involves VALUES(413,10);
INSERT INTO Involves VALUES(414,7);
INSERT INTO Involves VALUES(414,2);
INSERT INTO Involves VALUES(415,4);
INSERT INTO Involves VALUES(415,13);
INSERT INTO Involves VALUES(416,10);
INSERT INTO Involves VALUES(416,4);
INSERT INTO Involves VALUES(417,14);
INSERT INTO Involves VALUES(417,3);
INSERT INTO Involves VALUES(418,7);
INSERT INTO Involves VALUES(418,5);
INSERT INTO Involves VALUES(419,7);
INSERT INTO Involves VALUES(419,8);
INSERT INTO Involves VALUES(420,13);
INSERT INTO Involves VALUES(420,9);
INSERT INTO Involves VALUES(421,13);
INSERT INTO Involves VALUES(421,15);
INSERT INTO Involves VALUES(422,5);
INSERT INTO Involves VALUES(422,15);
INSERT INTO Involves VALUES(423,7);
INSERT INTO Involves VALUES(423,3);
INSERT INTO Involves VALUES(424,13);
INSERT INTO Involves VALUES(424,15);
INSERT INTO Involves VALUES(425,10);
INSERT INTO Involves VALUES(425,12);
INSERT INTO Involves VALUES(426,3);
INSERT INTO Involves VALUES(426,4);
INSERT INTO Involves VALUES(427,10);
INSERT INTO Involves VALUES(427,3);
INSERT INTO Involves VALUES(428,11);
INSERT INTO Involves VALUES(428,9);
INSERT INTO Involves VALUES(429,14);
INSERT INTO Involves VALUES(429,15);
INSERT INTO Involves VALUES(430,7);
INSERT INTO Involves VALUES(430,13);
INSERT INTO Involves VALUES(431,15);
INSERT INTO Involves VALUES(431,7);
INSERT INTO Involves VALUES(432,11);
INSERT INTO Involves VALUES(432,10);
INSERT INTO Involves VALUES(433,14);
INSERT INTO Involves VALUES(433,3);
INSERT INTO Involves VALUES(434,8);
INSERT INTO Involves VALUES(434,5);
INSERT INTO Involves VALUES(435,5);
INSERT INTO Involves VALUES(435,12);
INSERT INTO Involves VALUES(436,4);
INSERT INTO Involves VALUES(436,7);
INSERT INTO Involves VALUES(437,3);
INSERT INTO Involves VALUES(437,4);
INSERT INTO Involves VALUES(438,15);
INSERT INTO Involves VALUES(438,6);
INSERT INTO Involves VALUES(439,5);
INSERT INTO Involves VALUES(439,8);
INSERT INTO Involves VALUES(440,14);
INSERT INTO Involves VALUES(440,6);
INSERT INTO Involves VALUES(441,13);
INSERT INTO Involves VALUES(441,5);
INSERT INTO Involves VALUES(442,9);
INSERT INTO Involves VALUES(442,4);
INSERT INTO Involves VALUES(443,14);
INSERT INTO Involves VALUES(443,11);
INSERT INTO Involves VALUES(444,3);
INSERT INTO Involves VALUES(444,7);
INSERT INTO Involves VALUES(445,15);
INSERT INTO Involves VALUES(445,11);
INSERT INTO Involves VALUES(446,4);
INSERT INTO Involves VALUES(446,12);
INSERT INTO Involves VALUES(447,1);
INSERT INTO Involves VALUES(447,2);
INSERT INTO Involves VALUES(448,9);
INSERT INTO Involves VALUES(448,1);
INSERT INTO Involves VALUES(449,1);
INSERT INTO Involves VALUES(449,14);
INSERT INTO Involves VALUES(450,11);
INSERT INTO Involves VALUES(450,5);
INSERT INTO Involves VALUES(451,10);
INSERT INTO Involves VALUES(451,15);
INSERT INTO Involves VALUES(452,7);
INSERT INTO Involves VALUES(452,11);
INSERT INTO Involves VALUES(453,13);
INSERT INTO Involves VALUES(453,14);
INSERT INTO Involves VALUES(454,4);
INSERT INTO Involves VALUES(454,10);
INSERT INTO Involves VALUES(455,5);
INSERT INTO Involves VALUES(455,1);
INSERT INTO Involves VALUES(456,12);
INSERT INTO Involves VALUES(456,3);
INSERT INTO Involves VALUES(457,13);
INSERT INTO Involves VALUES(457,10);
INSERT INTO Involves VALUES(458,4);
INSERT INTO Involves VALUES(458,9);
INSERT INTO Involves VALUES(459,13);
INSERT INTO Involves VALUES(459,1);
INSERT INTO Involves VALUES(460,2);
INSERT INTO Involves VALUES(460,12);
INSERT INTO Involves VALUES(461,2);
INSERT INTO Involves VALUES(461,6);
INSERT INTO Involves VALUES(462,5);
INSERT INTO Involves VALUES(462,6);
INSERT INTO Involves VALUES(463,6);
INSERT INTO Involves VALUES(463,13);
INSERT INTO Involves VALUES(464,4);
INSERT INTO Involves VALUES(464,8);
INSERT INTO Involves VALUES(465,4);
INSERT INTO Involves VALUES(465,6);
INSERT INTO Involves VALUES(466,9);
INSERT INTO Involves VALUES(466,4);
INSERT INTO Involves VALUES(467,12);
INSERT INTO Involves VALUES(467,4);
INSERT INTO Involves VALUES(468,6);
INSERT INTO Involves VALUES(468,7);
INSERT INTO Involves VALUES(469,2);
INSERT INTO Involves VALUES(469,11);
INSERT INTO Involves VALUES(470,15);
INSERT INTO Involves VALUES(470,14);
INSERT INTO Involves VALUES(471,1);
INSERT INTO Involves VALUES(471,13);
INSERT INTO Involves VALUES(472,15);
INSERT INTO Involves VALUES(472,10);
INSERT INTO Involves VALUES(473,3);
INSERT INTO Involves VALUES(473,1);
INSERT INTO Involves VALUES(474,11);
INSERT INTO Involves VALUES(474,14);
INSERT INTO Involves VALUES(475,13);
INSERT INTO Involves VALUES(475,3);
INSERT INTO Involves VALUES(476,7);
INSERT INTO Involves VALUES(476,11);
INSERT INTO Involves VALUES(477,9);
INSERT INTO Involves VALUES(477,3);
INSERT INTO Involves VALUES(478,1);
INSERT INTO Involves VALUES(478,4);
INSERT INTO Involves VALUES(479,3);
INSERT INTO Involves VALUES(479,14);
INSERT INTO Involves VALUES(480,8);
INSERT INTO Involves VALUES(480,3);
INSERT INTO Involves VALUES(481,14);
INSERT INTO Involves VALUES(481,3);
INSERT INTO Involves VALUES(482,3);
INSERT INTO Involves VALUES(482,1);
INSERT INTO Involves VALUES(483,13);
INSERT INTO Involves VALUES(483,1);
INSERT INTO Involves VALUES(484,7);
INSERT INTO Involves VALUES(484,9);
INSERT INTO Involves VALUES(485,3);
INSERT INTO Involves VALUES(485,4);
INSERT INTO Involves VALUES(486,13);
INSERT INTO Involves VALUES(486,14);
INSERT INTO Involves VALUES(487,12);
INSERT INTO Involves VALUES(487,3);
INSERT INTO Involves VALUES(488,3);
INSERT INTO Involves VALUES(488,12);
INSERT INTO Involves VALUES(489,4);
INSERT INTO Involves VALUES(489,10);
INSERT INTO Involves VALUES(490,4);
INSERT INTO Involves VALUES(490,5);
INSERT INTO Involves VALUES(491,12);
INSERT INTO Involves VALUES(491,10);
INSERT INTO Involves VALUES(492,3);
INSERT INTO Involves VALUES(492,11);
INSERT INTO Involves VALUES(493,13);
INSERT INTO Involves VALUES(493,8);
INSERT INTO Involves VALUES(494,6);
INSERT INTO Involves VALUES(494,8);
INSERT INTO Involves VALUES(495,8);
INSERT INTO Involves VALUES(495,3);
INSERT INTO Involves VALUES(496,1);
INSERT INTO Involves VALUES(496,9);
INSERT INTO Involves VALUES(497,1);
INSERT INTO Involves VALUES(497,6);
INSERT INTO Involves VALUES(498,3);
INSERT INTO Involves VALUES(498,4);
INSERT INTO Involves VALUES(499,3);
INSERT INTO Involves VALUES(499,5);
INSERT INTO Involves VALUES(500,5);
INSERT INTO Involves VALUES(500,12);
CREATE TABLE Players (
	id          integer,
	name        varchar(50) not null,
	birthday    date,
	memberOf    integer not null,
	position    varchar(20),
	primary key (id),
	foreign key (memberOf) references Teams(id)
);
INSERT INTO Players VALUES(1,'Diego Maradona','1982-02-09',1,'forward');
INSERT INTO Players VALUES(2,'Manuel Maradona','1981-06-14',1,'forward');
INSERT INTO Players VALUES(3,'Carlos Maradona','1976-09-01',1,'forward');
INSERT INTO Players VALUES(4,'Sergio Maradona','1976-10-05',1,'forward');
INSERT INTO Players VALUES(5,'Jose Maradona','1984-04-03',1,'forward');
INSERT INTO Players VALUES(6,'Victor Maradona','1976-12-10',1,'forward');
INSERT INTO Players VALUES(7,'Tomas Maradona','1985-10-01',1,'forward');
INSERT INTO Players VALUES(8,'Diego Lopez','1982-11-20',1,'forward');
INSERT INTO Players VALUES(9,'Manuel Lopez','1975-04-06',1,'forward');
INSERT INTO Players VALUES(10,'Carlos Lopez','1979-09-05',1,'forward');
INSERT INTO Players VALUES(11,'Sergio Lopez','1982-06-08',1,'midfield');
INSERT INTO Players VALUES(12,'Jose Lopez','1975-01-20',1,'midfield');
INSERT INTO Players VALUES(13,'Victor Lopez','1980-03-12',1,'midfield');
INSERT INTO Players VALUES(14,'Tomas Lopez','1980-05-06',1,'midfield');
INSERT INTO Players VALUES(15,'Diego Zanetti','1982-03-13',1,'midfield');
INSERT INTO Players VALUES(16,'Manuel Zanetti','1983-05-13',1,'midfield');
INSERT INTO Players VALUES(17,'Carlos Zanetti','1976-05-07',1,'midfield');
INSERT INTO Players VALUES(18,'Sergio Zanetti','1976-12-04',1,'midfield');
INSERT INTO Players VALUES(19,'Jose Zanetti','1984-01-11',1,'midfield');
INSERT INTO Players VALUES(20,'Victor Zanetti','1975-06-03',1,'midfield');
INSERT INTO Players VALUES(21,'Tomas Zanetti','1977-03-16',1,'midfield');
INSERT INTO Players VALUES(22,'Diego Ortega','1980-03-17',1,'midfield');
INSERT INTO Players VALUES(23,'Manuel Ortega','1976-09-23',1,'defender');
INSERT INTO Players VALUES(24,'Carlos Ortega','1981-04-05',1,'defender');
INSERT INTO Players VALUES(25,'Sergio Ortega','1983-12-12',1,'defender');
INSERT INTO Players VALUES(26,'Jose Ortega','1977-10-22',1,'defender');
INSERT INTO Players VALUES(27,'Victor Ortega','1982-11-04',1,'defender');
INSERT INTO Players VALUES(28,'Tomas Ortega','1985-01-04',1,'defender');
INSERT INTO Players VALUES(29,'Diego Perez','1975-11-05',1,'defender');
INSERT INTO Players VALUES(30,'Manuel Perez','1979-12-19',1,'defender');
INSERT INTO Players VALUES(31,'Carlos Perez','1981-03-24',1,'defender');
INSERT INTO Players VALUES(32,'Sergio Perez','1975-08-03',1,'defender');
INSERT INTO Players VALUES(33,'Jose Perez','1982-11-24',1,'goalkeeper');
INSERT INTO Players VALUES(34,'Victor Perez','1980-06-04',1,'goalkeeper');
INSERT INTO Players VALUES(35,'Bruce Smith','1981-03-03',2,'forward');
INSERT INTO Players VALUES(36,'Dave Smith','1975-06-25',2,'forward');
INSERT INTO Players VALUES(37,'Jack Smith','1983-02-22',2,'forward');
INSERT INTO Players VALUES(38,'Bill Smith','1984-02-24',2,'forward');
INSERT INTO Players VALUES(39,'Harry Smith','1975-02-21',2,'forward');
INSERT INTO Players VALUES(40,'Kevin Smith','1977-08-21',2,'forward');
INSERT INTO Players VALUES(41,'Bruce Jones','1984-02-26',2,'forward');
INSERT INTO Players VALUES(42,'Dave Jones','1982-03-16',2,'forward');
INSERT INTO Players VALUES(43,'Jack Jones','1983-12-12',2,'forward');
INSERT INTO Players VALUES(44,'Bill Jones','1981-05-24',2,'forward');
INSERT INTO Players VALUES(45,'Harry Jones','1982-01-02',2,'midfield');
INSERT INTO Players VALUES(46,'Kevin Jones','1983-01-15',2,'midfield');
INSERT INTO Players VALUES(47,'Bruce Brown','1982-11-19',2,'midfield');
INSERT INTO Players VALUES(48,'Dave Brown','1980-10-21',2,'midfield');
INSERT INTO Players VALUES(49,'Jack Brown','1978-10-25',2,'midfield');
INSERT INTO Players VALUES(50,'Bill Brown','1975-12-14',2,'midfield');
INSERT INTO Players VALUES(51,'Harry Brown','1983-10-18',2,'midfield');
INSERT INTO Players VALUES(52,'Kevin Brown','1982-06-24',2,'midfield');
INSERT INTO Players VALUES(53,'Bruce White','1977-04-22',2,'midfield');
INSERT INTO Players VALUES(54,'Dave White','1982-11-05',2,'midfield');
INSERT INTO Players VALUES(55,'Jack White','1980-07-06',2,'midfield');
INSERT INTO Players VALUES(56,'Bill White','1980-05-08',2,'midfield');
INSERT INTO Players VALUES(57,'Harry White','1975-01-04',2,'defender');
INSERT INTO Players VALUES(58,'Kevin White','1982-07-25',2,'defender');
INSERT INTO Players VALUES(59,'Bruce Kewell','1979-11-18',2,'defender');
INSERT INTO Players VALUES(60,'Dave Kewell','1978-11-17',2,'defender');
INSERT INTO Players VALUES(61,'Jack Kewell','1983-09-12',2,'defender');
INSERT INTO Players VALUES(62,'Bill Kewell','1979-05-26',2,'defender');
INSERT INTO Players VALUES(63,'Harry Kewell','1977-08-05',2,'defender');
INSERT INTO Players VALUES(64,'Kevin Kewell','1975-03-02',2,'defender');
INSERT INTO Players VALUES(65,'Bruce Muscat','1977-09-17',2,'defender');
INSERT INTO Players VALUES(66,'Dave Muscat','1979-04-28',2,'defender');
INSERT INTO Players VALUES(67,'Jack Muscat','1982-04-02',2,'goalkeeper');
INSERT INTO Players VALUES(68,'Bill Muscat','1983-01-17',2,'goalkeeper');
INSERT INTO Players VALUES(69,'Ronaldo Carlos','1981-06-13',3,'forward');
INSERT INTO Players VALUES(70,'Paulo Carlos','1977-09-10',3,'forward');
INSERT INTO Players VALUES(71,'Pedro Carlos','1984-07-01',3,'forward');
INSERT INTO Players VALUES(72,'Rafael Carlos','1977-11-11',3,'forward');
INSERT INTO Players VALUES(73,'Marcello Carlos','1976-02-28',3,'forward');
INSERT INTO Players VALUES(74,'Alexandre Carlos','1978-02-06',3,'forward');
INSERT INTO Players VALUES(75,'Ronaldo Paulista','1979-05-27',3,'forward');
INSERT INTO Players VALUES(76,'Paulo Paulista','1985-09-06',3,'forward');
INSERT INTO Players VALUES(77,'Pedro Paulista','1985-05-15',3,'forward');
INSERT INTO Players VALUES(78,'Rafael Paulista','1975-02-15',3,'forward');
INSERT INTO Players VALUES(79,'Marcello Paulista','1981-09-27',3,'midfield');
INSERT INTO Players VALUES(80,'Alexandre Paulista','1975-12-19',3,'midfield');
INSERT INTO Players VALUES(81,'Ronaldo Ceni','1979-10-05',3,'midfield');
INSERT INTO Players VALUES(82,'Paulo Ceni','1979-01-02',3,'midfield');
INSERT INTO Players VALUES(83,'Pedro Ceni','1983-03-07',3,'midfield');
INSERT INTO Players VALUES(84,'Rafael Ceni','1983-07-11',3,'midfield');
INSERT INTO Players VALUES(85,'Marcello Ceni','1985-11-21',3,'midfield');
INSERT INTO Players VALUES(86,'Alexandre Ceni','1985-11-13',3,'midfield');
INSERT INTO Players VALUES(87,'Ronaldo Cafu','1976-10-24',3,'midfield');
INSERT INTO Players VALUES(88,'Paulo Cafu','1981-10-27',3,'midfield');
INSERT INTO Players VALUES(89,'Pedro Cafu','1976-06-19',3,'midfield');
INSERT INTO Players VALUES(90,'Rafael Cafu','1975-06-18',3,'midfield');
INSERT INTO Players VALUES(91,'Marcello Cafu','1983-11-13',3,'defender');
INSERT INTO Players VALUES(92,'Alexandre Cafu','1984-04-14',3,'defender');
INSERT INTO Players VALUES(93,'Ronaldo Santos','1985-02-20',3,'defender');
INSERT INTO Players VALUES(94,'Paulo Santos','1977-11-07',3,'defender');
INSERT INTO Players VALUES(95,'Pedro Santos','1981-11-04',3,'defender');
INSERT INTO Players VALUES(96,'Rafael Santos','1978-10-01',3,'defender');
INSERT INTO Players VALUES(97,'Marcello Santos','1983-11-24',3,'defender');
INSERT INTO Players VALUES(98,'Alexandre Santos','1981-07-19',3,'defender');
INSERT INTO Players VALUES(99,'Ronaldo Gomes','1980-09-03',3,'defender');
INSERT INTO Players VALUES(100,'Paulo Gomes','1977-09-16',3,'defender');
INSERT INTO Players VALUES(101,'Pedro Gomes','1984-06-12',3,'goalkeeper');
INSERT INTO Players VALUES(102,'Rafael Gomes','1978-05-20',3,'goalkeeper');
INSERT INTO Players VALUES(103,'Wei Wang','1983-05-23',4,'forward');
INSERT INTO Players VALUES(104,'Yi Wang','1980-07-20',4,'forward');
INSERT INTO Players VALUES(105,'Lei Wang','1982-02-16',4,'forward');
INSERT INTO Players VALUES(106,'Yu Wang','1984-06-10',4,'forward');
INSERT INTO Players VALUES(107,'Jun Wang','1984-03-07',4,'forward');
INSERT INTO Players VALUES(108,'Fan Wang','1982-10-22',4,'forward');
INSERT INTO Players VALUES(109,'Hao Wang','1978-05-13',4,'forward');
INSERT INTO Players VALUES(110,'Gao Wang','1979-07-06',4,'forward');
INSERT INTO Players VALUES(111,'Wei Li','1985-05-20',4,'forward');
INSERT INTO Players VALUES(112,'Yi Li','1979-09-03',4,'forward');
INSERT INTO Players VALUES(113,'Lei Li','1976-06-13',4,'midfield');
INSERT INTO Players VALUES(114,'Yu Li','1985-12-01',4,'midfield');
INSERT INTO Players VALUES(115,'Jun Li','1981-08-05',4,'midfield');
INSERT INTO Players VALUES(116,'Fan Li','1976-07-18',4,'midfield');
INSERT INTO Players VALUES(117,'Hao Li','1980-05-24',4,'midfield');
INSERT INTO Players VALUES(118,'Gao Li','1983-02-19',4,'midfield');
INSERT INTO Players VALUES(119,'Wei Zhang','1980-06-01',4,'midfield');
INSERT INTO Players VALUES(120,'Yi Zhang','1985-11-17',4,'midfield');
INSERT INTO Players VALUES(121,'Lei Zhang','1976-11-01',4,'midfield');
INSERT INTO Players VALUES(122,'Yu Zhang','1984-04-20',4,'midfield');
INSERT INTO Players VALUES(123,'Jun Zhang','1985-06-05',4,'midfield');
INSERT INTO Players VALUES(124,'Fan Zhang','1979-05-04',4,'midfield');
INSERT INTO Players VALUES(125,'Hao Zhang','1979-12-22',4,'defender');
INSERT INTO Players VALUES(126,'Gao Zhang','1981-02-09',4,'defender');
INSERT INTO Players VALUES(127,'Wei Chen','1976-09-20',4,'defender');
INSERT INTO Players VALUES(128,'Yi Chen','1985-06-22',4,'defender');
INSERT INTO Players VALUES(129,'Lei Chen','1982-12-07',4,'defender');
INSERT INTO Players VALUES(130,'Yu Chen','1982-12-03',4,'defender');
INSERT INTO Players VALUES(131,'Jun Chen','1978-02-28',4,'defender');
INSERT INTO Players VALUES(132,'Fan Chen','1978-12-08',4,'defender');
INSERT INTO Players VALUES(133,'Hao Chen','1975-11-20',4,'defender');
INSERT INTO Players VALUES(134,'Gao Chen','1977-03-02',4,'defender');
INSERT INTO Players VALUES(135,'Wei Liu','1978-08-02',4,'goalkeeper');
INSERT INTO Players VALUES(136,'Yi Liu','1975-03-06',4,'goalkeeper');
INSERT INTO Players VALUES(137,'David Smith','1979-05-25',5,'forward');
INSERT INTO Players VALUES(138,'Harry Smith','1975-05-09',5,'forward');
INSERT INTO Players VALUES(139,'Les Smith','1984-12-07',5,'forward');
INSERT INTO Players VALUES(140,'Peter Smith','1975-09-05',5,'forward');
INSERT INTO Players VALUES(141,'Mark Smith','1977-12-08',5,'forward');
INSERT INTO Players VALUES(142,'Andrew Smith','1976-04-06',5,'forward');
INSERT INTO Players VALUES(143,'Simon Smith','1979-04-03',5,'forward');
INSERT INTO Players VALUES(144,'Robert Smith','1976-06-09',5,'forward');
INSERT INTO Players VALUES(145,'David Wilson','1977-10-27',5,'forward');
INSERT INTO Players VALUES(146,'Harry Wilson','1977-11-04',5,'forward');
INSERT INTO Players VALUES(147,'Les Wilson','1979-04-14',5,'midfield');
INSERT INTO Players VALUES(148,'Peter Wilson','1978-05-23',5,'midfield');
INSERT INTO Players VALUES(149,'Mark Wilson','1981-03-23',5,'midfield');
INSERT INTO Players VALUES(150,'Andrew Wilson','1984-04-14',5,'midfield');
INSERT INTO Players VALUES(151,'Simon Wilson','1975-06-13',5,'midfield');
INSERT INTO Players VALUES(152,'Robert Wilson','1978-08-20',5,'midfield');
INSERT INTO Players VALUES(153,'David Brown','1980-02-28',5,'midfield');
INSERT INTO Players VALUES(154,'Harry Brown','1981-03-13',5,'midfield');
INSERT INTO Players VALUES(155,'Les Brown','1984-06-06',5,'midfield');
INSERT INTO Players VALUES(156,'Peter Brown','1984-09-03',5,'midfield');
INSERT INTO Players VALUES(157,'Mark Brown','1985-02-10',5,'midfield');
INSERT INTO Players VALUES(158,'Andrew Brown','1979-05-19',5,'midfield');
INSERT INTO Players VALUES(159,'Simon Brown','1977-12-25',5,'defender');
INSERT INTO Players VALUES(160,'Robert Brown','1975-10-05',5,'defender');
INSERT INTO Players VALUES(161,'David Jones','1980-11-18',5,'defender');
INSERT INTO Players VALUES(162,'Harry Jones','1985-02-08',5,'defender');
INSERT INTO Players VALUES(163,'Les Jones','1982-08-11',5,'defender');
INSERT INTO Players VALUES(164,'Peter Jones','1982-03-17',5,'defender');
INSERT INTO Players VALUES(165,'Mark Jones','1976-01-01',5,'defender');
INSERT INTO Players VALUES(166,'Andrew Jones','1978-11-20',5,'defender');
INSERT INTO Players VALUES(167,'Simon Jones','1979-11-23',5,'defender');
INSERT INTO Players VALUES(168,'Robert Jones','1982-04-06',5,'defender');
INSERT INTO Players VALUES(169,'David Evans','1979-07-06',5,'goalkeeper');
INSERT INTO Players VALUES(170,'Harry Evans','1977-08-01',5,'goalkeeper');
INSERT INTO Players VALUES(171,'Thomas Simon','1979-02-25',6,'forward');
INSERT INTO Players VALUES(172,'Guillayme Simon','1975-02-28',6,'forward');
INSERT INTO Players VALUES(173,'Nicolas Simon','1978-10-17',6,'forward');
INSERT INTO Players VALUES(174,'Julien Simon','1982-06-22',6,'forward');
INSERT INTO Players VALUES(175,'Pierre Simon','1978-07-24',6,'forward');
INSERT INTO Players VALUES(176,'Fabien Simon','1978-11-21',6,'forward');
INSERT INTO Players VALUES(177,'Thomas Zaine','1985-03-17',6,'forward');
INSERT INTO Players VALUES(178,'Guillayme Zaine','1983-12-26',6,'forward');
INSERT INTO Players VALUES(179,'Nicolas Zaine','1975-04-14',6,'forward');
INSERT INTO Players VALUES(180,'Julien Zaine','1977-08-03',6,'forward');
INSERT INTO Players VALUES(181,'Pierre Zaine','1977-01-07',6,'midfield');
INSERT INTO Players VALUES(182,'Fabien Zaine','1976-01-11',6,'midfield');
INSERT INTO Players VALUES(183,'Thomas Desmet','1976-05-05',6,'midfield');
INSERT INTO Players VALUES(184,'Guillayme Desmet','1982-01-18',6,'midfield');
INSERT INTO Players VALUES(185,'Nicolas Desmet','1980-05-05',6,'midfield');
INSERT INTO Players VALUES(186,'Julien Desmet','1978-08-01',6,'midfield');
INSERT INTO Players VALUES(187,'Pierre Desmet','1975-08-08',6,'midfield');
INSERT INTO Players VALUES(188,'Fabien Desmet','1981-06-06',6,'midfield');
INSERT INTO Players VALUES(189,'Thomas Bernard','1980-06-15',6,'midfield');
INSERT INTO Players VALUES(190,'Guillayme Bernard','1985-09-04',6,'midfield');
INSERT INTO Players VALUES(191,'Nicolas Bernard','1975-12-04',6,'midfield');
INSERT INTO Players VALUES(192,'Julien Bernard','1978-01-05',6,'midfield');
INSERT INTO Players VALUES(193,'Pierre Bernard','1982-03-16',6,'defender');
INSERT INTO Players VALUES(194,'Fabien Bernard','1984-11-18',6,'defender');
INSERT INTO Players VALUES(195,'Thomas Wiseur','1980-05-28',6,'defender');
INSERT INTO Players VALUES(196,'Guillayme Wiseur','1981-09-18',6,'defender');
INSERT INTO Players VALUES(197,'Nicolas Wiseur','1982-09-08',6,'defender');
INSERT INTO Players VALUES(198,'Julien Wiseur','1984-05-21',6,'defender');
INSERT INTO Players VALUES(199,'Pierre Wiseur','1975-11-06',6,'defender');
INSERT INTO Players VALUES(200,'Fabien Wiseur','1981-11-26',6,'defender');
INSERT INTO Players VALUES(201,'Thomas Michaud','1982-12-24',6,'defender');
INSERT INTO Players VALUES(202,'Guillayme Michaud','1984-04-27',6,'defender');
INSERT INTO Players VALUES(203,'Nicolas Michaud','1975-12-04',6,'goalkeeper');
INSERT INTO Players VALUES(204,'Julien Michaud','1981-10-02',6,'goalkeeper');
INSERT INTO Players VALUES(205,'Dieter Linke','1977-04-13',7,'forward');
INSERT INTO Players VALUES(206,'Klaus Linke','1976-11-05',7,'forward');
INSERT INTO Players VALUES(207,'Hans Linke','1983-07-25',7,'forward');
INSERT INTO Players VALUES(208,'Michael Linke','1975-05-07',7,'forward');
INSERT INTO Players VALUES(209,'Tobias Linke','1983-06-03',7,'forward');
INSERT INTO Players VALUES(210,'Christian Linke','1975-02-27',7,'forward');
INSERT INTO Players VALUES(211,'Dieter Baumann','1985-11-25',7,'forward');
INSERT INTO Players VALUES(212,'Klaus Baumann','1983-09-04',7,'forward');
INSERT INTO Players VALUES(213,'Hans Baumann','1982-09-02',7,'forward');
INSERT INTO Players VALUES(214,'Michael Baumann','1984-03-25',7,'forward');
INSERT INTO Players VALUES(215,'Tobias Baumann','1984-06-04',7,'midfield');
INSERT INTO Players VALUES(216,'Christian Baumann','1978-08-28',7,'midfield');
INSERT INTO Players VALUES(217,'Dieter Rehmer','1980-06-15',7,'midfield');
INSERT INTO Players VALUES(218,'Klaus Rehmer','1978-07-27',7,'midfield');
INSERT INTO Players VALUES(219,'Hans Rehmer','1981-04-13',7,'midfield');
INSERT INTO Players VALUES(220,'Michael Rehmer','1982-05-16',7,'midfield');
INSERT INTO Players VALUES(221,'Tobias Rehmer','1981-04-11',7,'midfield');
INSERT INTO Players VALUES(222,'Christian Rehmer','1980-01-02',7,'midfield');
INSERT INTO Players VALUES(223,'Dieter Boehme','1982-09-21',7,'midfield');
INSERT INTO Players VALUES(224,'Klaus Boehme','1982-07-28',7,'midfield');
INSERT INTO Players VALUES(225,'Hans Boehme','1981-06-12',7,'midfield');
INSERT INTO Players VALUES(226,'Michael Boehme','1982-10-01',7,'midfield');
INSERT INTO Players VALUES(227,'Tobias Boehme','1982-03-13',7,'defender');
INSERT INTO Players VALUES(228,'Christian Boehme','1977-08-28',7,'defender');
INSERT INTO Players VALUES(229,'Dieter Schmidt','1976-03-09',7,'defender');
INSERT INTO Players VALUES(230,'Klaus Schmidt','1981-11-19',7,'defender');
INSERT INTO Players VALUES(231,'Hans Schmidt','1976-07-27',7,'defender');
INSERT INTO Players VALUES(232,'Michael Schmidt','1980-01-28',7,'defender');
INSERT INTO Players VALUES(233,'Tobias Schmidt','1980-08-21',7,'defender');
INSERT INTO Players VALUES(234,'Christian Schmidt','1977-05-09',7,'defender');
INSERT INTO Players VALUES(235,'Dieter Mueller','1977-12-21',7,'defender');
INSERT INTO Players VALUES(236,'Klaus Mueller','1982-08-15',7,'defender');
INSERT INTO Players VALUES(237,'Hans Mueller','1982-04-22',7,'goalkeeper');
INSERT INTO Players VALUES(238,'Michael Mueller','1976-07-11',7,'goalkeeper');
INSERT INTO Players VALUES(239,'Guiseppe Baggio','1976-09-16',8,'forward');
INSERT INTO Players VALUES(240,'Giovanni Baggio','1979-04-12',8,'forward');
INSERT INTO Players VALUES(241,'Roberto Baggio','1976-05-26',8,'forward');
INSERT INTO Players VALUES(242,'Marco Baggio','1975-11-27',8,'forward');
INSERT INTO Players VALUES(243,'Stefano Baggio','1975-05-17',8,'forward');
INSERT INTO Players VALUES(244,'Paolo Baggio','1982-08-27',8,'forward');
INSERT INTO Players VALUES(245,'Guiseppe Maldini','1975-11-26',8,'forward');
INSERT INTO Players VALUES(246,'Giovanni Maldini','1983-07-16',8,'forward');
INSERT INTO Players VALUES(247,'Roberto Maldini','1978-03-25',8,'forward');
INSERT INTO Players VALUES(248,'Marco Maldini','1975-05-12',8,'forward');
INSERT INTO Players VALUES(249,'Stefano Maldini','1979-06-03',8,'midfield');
INSERT INTO Players VALUES(250,'Paolo Maldini','1985-12-10',8,'midfield');
INSERT INTO Players VALUES(251,'Guiseppe Panucci','1979-01-21',8,'midfield');
INSERT INTO Players VALUES(252,'Giovanni Panucci','1978-01-17',8,'midfield');
INSERT INTO Players VALUES(253,'Roberto Panucci','1977-01-28',8,'midfield');
INSERT INTO Players VALUES(254,'Marco Panucci','1984-10-18',8,'midfield');
INSERT INTO Players VALUES(255,'Stefano Panucci','1983-10-15',8,'midfield');
INSERT INTO Players VALUES(256,'Paolo Panucci','1982-07-02',8,'midfield');
INSERT INTO Players VALUES(257,'Guiseppe Montella','1977-10-09',8,'midfield');
INSERT INTO Players VALUES(258,'Giovanni Montella','1976-11-19',8,'midfield');
INSERT INTO Players VALUES(259,'Roberto Montella','1981-04-04',8,'midfield');
INSERT INTO Players VALUES(260,'Marco Montella','1982-04-02',8,'midfield');
INSERT INTO Players VALUES(261,'Stefano Montella','1975-08-03',8,'defender');
INSERT INTO Players VALUES(262,'Paolo Montella','1983-12-04',8,'defender');
INSERT INTO Players VALUES(263,'Guiseppe Valentini','1978-03-05',8,'defender');
INSERT INTO Players VALUES(264,'Giovanni Valentini','1978-01-26',8,'defender');
INSERT INTO Players VALUES(265,'Roberto Valentini','1985-11-20',8,'defender');
INSERT INTO Players VALUES(266,'Marco Valentini','1980-07-07',8,'defender');
INSERT INTO Players VALUES(267,'Stefano Valentini','1980-10-02',8,'defender');
INSERT INTO Players VALUES(268,'Paolo Valentini','1984-12-27',8,'defender');
INSERT INTO Players VALUES(269,'Guiseppe Ferrari','1980-06-07',8,'defender');
INSERT INTO Players VALUES(270,'Giovanni Ferrari','1981-02-15',8,'defender');
INSERT INTO Players VALUES(271,'Roberto Ferrari','1982-02-05',8,'goalkeeper');
INSERT INTO Players VALUES(272,'Marco Ferrari','1983-11-04',8,'goalkeeper');
INSERT INTO Players VALUES(273,'Nader Jahanfad','1984-03-10',9,'forward');
INSERT INTO Players VALUES(274,'Kaveh Jahanfad','1975-06-11',9,'forward');
INSERT INTO Players VALUES(275,'Ali Jahanfad','1985-05-07',9,'forward');
INSERT INTO Players VALUES(276,'Hosseini Jahanfad','1982-11-22',9,'forward');
INSERT INTO Players VALUES(277,'Amir Jahanfad','1984-06-16',9,'forward');
INSERT INTO Players VALUES(278,'Saeed Jahanfad','1985-03-14',9,'forward');
INSERT INTO Players VALUES(279,'Babak Jahanfad','1984-09-28',9,'forward');
INSERT INTO Players VALUES(280,'Nader Mahjoob','1976-05-03',9,'forward');
INSERT INTO Players VALUES(281,'Kaveh Mahjoob','1981-01-07',9,'forward');
INSERT INTO Players VALUES(282,'Ali Mahjoob','1983-10-03',9,'forward');
INSERT INTO Players VALUES(283,'Hosseini Mahjoob','1984-08-08',9,'midfield');
INSERT INTO Players VALUES(284,'Amir Mahjoob','1977-08-21',9,'midfield');
INSERT INTO Players VALUES(285,'Saeed Mahjoob','1981-08-05',9,'midfield');
INSERT INTO Players VALUES(286,'Babak Mahjoob','1984-03-01',9,'midfield');
INSERT INTO Players VALUES(287,'Nader Karimi','1981-02-13',9,'midfield');
INSERT INTO Players VALUES(288,'Kaveh Karimi','1976-01-20',9,'midfield');
INSERT INTO Players VALUES(289,'Ali Karimi','1982-11-12',9,'midfield');
INSERT INTO Players VALUES(290,'Hosseini Karimi','1981-01-22',9,'midfield');
INSERT INTO Players VALUES(291,'Amir Karimi','1982-08-23',9,'midfield');
INSERT INTO Players VALUES(292,'Saeed Karimi','1985-06-16',9,'midfield');
INSERT INTO Players VALUES(293,'Babak Karimi','1975-04-06',9,'midfield');
INSERT INTO Players VALUES(294,'Nader Hashemian','1978-07-24',9,'midfield');
INSERT INTO Players VALUES(295,'Kaveh Hashemian','1975-03-13',9,'defender');
INSERT INTO Players VALUES(296,'Ali Hashemian','1976-01-19',9,'defender');
INSERT INTO Players VALUES(297,'Hosseini Hashemian','1977-08-22',9,'defender');
INSERT INTO Players VALUES(298,'Amir Hashemian','1982-10-23',9,'defender');
INSERT INTO Players VALUES(299,'Saeed Hashemian','1978-05-21',9,'defender');
INSERT INTO Players VALUES(300,'Babak Hashemian','1983-01-21',9,'defender');
INSERT INTO Players VALUES(301,'Nader Sadeghi','1980-10-11',9,'defender');
INSERT INTO Players VALUES(302,'Kaveh Sadeghi','1978-09-23',9,'defender');
INSERT INTO Players VALUES(303,'Ali Sadeghi','1984-09-04',9,'defender');
INSERT INTO Players VALUES(304,'Hosseini Sadeghi','1975-01-20',9,'defender');
INSERT INTO Players VALUES(305,'Amir Sadeghi','1985-01-25',9,'goalkeeper');
INSERT INTO Players VALUES(306,'Saeed Sadeghi','1978-03-26',9,'goalkeeper');
INSERT INTO Players VALUES(307,'Harami Sakurai','1975-06-15',10,'forward');
INSERT INTO Players VALUES(308,'Kiyoshi Sakurai','1983-02-08',10,'forward');
INSERT INTO Players VALUES(309,'Yuki Sakurai','1981-06-20',10,'forward');
INSERT INTO Players VALUES(310,'Akira Sakurai','1978-03-21',10,'forward');
INSERT INTO Players VALUES(311,'Masanori Sakurai','1975-09-15',10,'forward');
INSERT INTO Players VALUES(312,'Kenji Sakurai','1979-01-07',10,'forward');
INSERT INTO Players VALUES(313,'Harami Sakurai','1977-12-27',10,'forward');
INSERT INTO Players VALUES(314,'Kiyoshi Sakurai','1979-01-01',10,'forward');
INSERT INTO Players VALUES(315,'Yuki Sakurai','1976-12-02',10,'forward');
INSERT INTO Players VALUES(316,'Akira Sakurai','1975-04-09',10,'forward');
INSERT INTO Players VALUES(317,'Masanori Sakurai','1984-04-21',10,'midfield');
INSERT INTO Players VALUES(318,'Kenji Sakurai','1979-02-24',10,'midfield');
INSERT INTO Players VALUES(319,'Harami Matsumura','1982-09-08',10,'midfield');
INSERT INTO Players VALUES(320,'Kiyoshi Matsumura','1979-12-13',10,'midfield');
INSERT INTO Players VALUES(321,'Yuki Matsumura','1976-01-06',10,'midfield');
INSERT INTO Players VALUES(322,'Akira Matsumura','1982-06-07',10,'midfield');
INSERT INTO Players VALUES(323,'Masanori Matsumura','1984-09-06',10,'midfield');
INSERT INTO Players VALUES(324,'Kenji Matsumura','1984-02-06',10,'midfield');
INSERT INTO Players VALUES(325,'Harami Inagaki','1984-04-04',10,'midfield');
INSERT INTO Players VALUES(326,'Kiyoshi Inagaki','1984-04-12',10,'midfield');
INSERT INTO Players VALUES(327,'Yuki Inagaki','1977-03-21',10,'midfield');
INSERT INTO Players VALUES(328,'Akira Inagaki','1985-08-23',10,'midfield');
INSERT INTO Players VALUES(329,'Masanori Inagaki','1983-04-14',10,'defender');
INSERT INTO Players VALUES(330,'Kenji Inagaki','1975-09-14',10,'defender');
INSERT INTO Players VALUES(331,'Harami Fujisawa','1980-11-15',10,'defender');
INSERT INTO Players VALUES(332,'Kiyoshi Fujisawa','1982-07-28',10,'defender');
INSERT INTO Players VALUES(333,'Yuki Fujisawa','1985-05-21',10,'defender');
INSERT INTO Players VALUES(334,'Akira Fujisawa','1976-03-26',10,'defender');
INSERT INTO Players VALUES(335,'Masanori Fujisawa','1978-01-05',10,'defender');
INSERT INTO Players VALUES(336,'Kenji Fujisawa','1980-12-12',10,'defender');
INSERT INTO Players VALUES(337,'Harami Sakurai','1984-03-17',10,'defender');
INSERT INTO Players VALUES(338,'Kiyoshi Sakurai','1981-02-06',10,'defender');
INSERT INTO Players VALUES(339,'Yuki Sakurai','1979-12-14',10,'goalkeeper');
INSERT INTO Players VALUES(340,'Akira Sakurai','1984-12-06',10,'goalkeeper');
INSERT INTO Players VALUES(341,'Woon-Jae Kim','1978-07-02',11,'forward');
INSERT INTO Players VALUES(342,'Jung-Hwan Kim','1984-03-17',11,'forward');
INSERT INTO Players VALUES(343,'Nam-il Kim','1984-03-28',11,'forward');
INSERT INTO Players VALUES(344,'Ji-Sung Kim','1981-05-06',11,'forward');
INSERT INTO Players VALUES(345,'Jae-Won Kim','1980-09-07',11,'forward');
INSERT INTO Players VALUES(346,'Ji-Woong Kim','1982-03-06',11,'forward');
INSERT INTO Players VALUES(347,'Woon-Jae Lee','1975-01-11',11,'forward');
INSERT INTO Players VALUES(348,'Jung-Hwan Lee','1982-08-15',11,'forward');
INSERT INTO Players VALUES(349,'Nam-il Lee','1984-01-14',11,'forward');
INSERT INTO Players VALUES(350,'Ji-Sung Lee','1978-11-14',11,'forward');
INSERT INTO Players VALUES(351,'Jae-Won Lee','1980-03-28',11,'midfield');
INSERT INTO Players VALUES(352,'Ji-Woong Lee','1981-02-07',11,'midfield');
INSERT INTO Players VALUES(353,'Woon-Jae Park','1976-12-13',11,'midfield');
INSERT INTO Players VALUES(354,'Jung-Hwan Park','1976-07-23',11,'midfield');
INSERT INTO Players VALUES(355,'Nam-il Park','1978-01-15',11,'midfield');
INSERT INTO Players VALUES(356,'Ji-Sung Park','1981-09-20',11,'midfield');
INSERT INTO Players VALUES(357,'Jae-Won Park','1983-10-21',11,'midfield');
INSERT INTO Players VALUES(358,'Ji-Woong Park','1977-06-11',11,'midfield');
INSERT INTO Players VALUES(359,'Woon-Jae Choi','1982-04-11',11,'midfield');
INSERT INTO Players VALUES(360,'Jung-Hwan Choi','1977-08-08',11,'midfield');
INSERT INTO Players VALUES(361,'Nam-il Choi','1982-02-15',11,'midfield');
INSERT INTO Players VALUES(362,'Ji-Sung Choi','1982-09-18',11,'midfield');
INSERT INTO Players VALUES(363,'Jae-Won Choi','1984-11-17',11,'defender');
INSERT INTO Players VALUES(364,'Ji-Woong Choi','1978-01-04',11,'defender');
INSERT INTO Players VALUES(365,'Woon-Jae Kang','1976-05-06',11,'defender');
INSERT INTO Players VALUES(366,'Jung-Hwan Kang','1981-12-26',11,'defender');
INSERT INTO Players VALUES(367,'Nam-il Kang','1978-10-20',11,'defender');
INSERT INTO Players VALUES(368,'Ji-Sung Kang','1975-12-04',11,'defender');
INSERT INTO Players VALUES(369,'Jae-Won Kang','1979-09-12',11,'defender');
INSERT INTO Players VALUES(370,'Ji-Woong Kang','1983-11-01',11,'defender');
INSERT INTO Players VALUES(371,'Woon-Jae Kim','1975-07-04',11,'defender');
INSERT INTO Players VALUES(372,'Jung-Hwan Kim','1981-03-24',11,'defender');
INSERT INTO Players VALUES(373,'Nam-il Kim','1977-01-21',11,'goalkeeper');
INSERT INTO Players VALUES(374,'Ji-Sung Kim','1983-05-23',11,'goalkeeper');
INSERT INTO Players VALUES(375,'Stefan Jansen','1984-06-05',12,'forward');
INSERT INTO Players VALUES(376,'Sebastien Jansen','1975-02-05',12,'forward');
INSERT INTO Players VALUES(377,'Peter Jansen','1985-06-27',12,'forward');
INSERT INTO Players VALUES(378,'Johannes Jansen','1982-06-27',12,'forward');
INSERT INTO Players VALUES(379,'Hendrik Jansen','1983-11-18',12,'forward');
INSERT INTO Players VALUES(380,'Willem Jansen','1977-08-15',12,'forward');
INSERT INTO Players VALUES(381,'Stefan Pulle','1977-09-03',12,'forward');
INSERT INTO Players VALUES(382,'Sebastien Pulle','1978-04-08',12,'forward');
INSERT INTO Players VALUES(383,'Peter Pulle','1977-06-10',12,'forward');
INSERT INTO Players VALUES(384,'Johannes Pulle','1985-03-20',12,'forward');
INSERT INTO Players VALUES(385,'Hendrik Pulle','1982-02-06',12,'midfield');
INSERT INTO Players VALUES(386,'Willem Pulle','1984-03-09',12,'midfield');
INSERT INTO Players VALUES(387,'Stefan Kalkman','1975-03-21',12,'midfield');
INSERT INTO Players VALUES(388,'Sebastien Kalkman','1975-11-06',12,'midfield');
INSERT INTO Players VALUES(389,'Peter Kalkman','1985-09-02',12,'midfield');
INSERT INTO Players VALUES(390,'Johannes Kalkman','1981-11-20',12,'midfield');
INSERT INTO Players VALUES(391,'Hendrik Kalkman','1976-02-11',12,'midfield');
INSERT INTO Players VALUES(392,'Willem Kalkman','1977-06-19',12,'midfield');
INSERT INTO Players VALUES(393,'Stefan van der Zwan','1980-08-04',12,'midfield');
INSERT INTO Players VALUES(394,'Sebastien van der Zwan','1983-08-10',12,'midfield');
INSERT INTO Players VALUES(395,'Peter van der Zwan','1980-04-14',12,'midfield');
INSERT INTO Players VALUES(396,'Johannes van der Zwan','1982-03-20',12,'midfield');
INSERT INTO Players VALUES(397,'Hendrik van der Zwan','1975-04-26',12,'defender');
INSERT INTO Players VALUES(398,'Willem van der Zwan','1983-04-23',12,'defender');
INSERT INTO Players VALUES(399,'Stefan Zwaanveld','1985-04-14',12,'defender');
INSERT INTO Players VALUES(400,'Sebastien Zwaanveld','1975-11-11',12,'defender');
INSERT INTO Players VALUES(401,'Peter Zwaanveld','1982-12-14',12,'defender');
INSERT INTO Players VALUES(402,'Johannes Zwaanveld','1976-02-27',12,'defender');
INSERT INTO Players VALUES(403,'Hendrik Zwaanveld','1983-08-17',12,'defender');
INSERT INTO Players VALUES(404,'Willem Zwaanveld','1984-05-06',12,'defender');
INSERT INTO Players VALUES(405,'Stefan Jansen','1977-11-15',12,'defender');
INSERT INTO Players VALUES(406,'Sebastien Jansen','1982-07-21',12,'defender');
INSERT INTO Players VALUES(407,'Peter Jansen','1979-07-02',12,'goalkeeper');
INSERT INTO Players VALUES(408,'Johannes Jansen','1978-04-11',12,'goalkeeper');
INSERT INTO Players VALUES(409,'Carlos Garcia','1976-04-18',13,'forward');
INSERT INTO Players VALUES(410,'Pedro Garcia','1981-04-14',13,'forward');
INSERT INTO Players VALUES(411,'Manuel Garcia','1985-01-13',13,'forward');
INSERT INTO Players VALUES(412,'Ramon Garcia','1979-02-17',13,'forward');
INSERT INTO Players VALUES(413,'Luis Garcia','1978-11-06',13,'forward');
INSERT INTO Players VALUES(414,'Joaquin Garcia','1985-10-17',13,'forward');
INSERT INTO Players VALUES(415,'Carlos Hierro','1976-12-14',13,'forward');
INSERT INTO Players VALUES(416,'Pedro Hierro','1981-09-02',13,'forward');
INSERT INTO Players VALUES(417,'Manuel Hierro','1979-01-18',13,'forward');
INSERT INTO Players VALUES(418,'Ramon Hierro','1979-05-27',13,'forward');
INSERT INTO Players VALUES(419,'Luis Hierro','1983-06-06',13,'midfield');
INSERT INTO Players VALUES(420,'Joaquin Hierro','1979-01-14',13,'midfield');
INSERT INTO Players VALUES(421,'Carlos Mendieta','1984-12-14',13,'midfield');
INSERT INTO Players VALUES(422,'Pedro Mendieta','1978-05-18',13,'midfield');
INSERT INTO Players VALUES(423,'Manuel Mendieta','1985-09-15',13,'midfield');
INSERT INTO Players VALUES(424,'Ramon Mendieta','1976-08-08',13,'midfield');
INSERT INTO Players VALUES(425,'Luis Mendieta','1983-09-08',13,'midfield');
INSERT INTO Players VALUES(426,'Joaquin Mendieta','1977-05-27',13,'midfield');
INSERT INTO Players VALUES(427,'Carlos Enrique','1978-10-01',13,'midfield');
INSERT INTO Players VALUES(428,'Pedro Enrique','1984-03-12',13,'midfield');
INSERT INTO Players VALUES(429,'Manuel Enrique','1984-12-25',13,'midfield');
INSERT INTO Players VALUES(430,'Ramon Enrique','1975-05-27',13,'midfield');
INSERT INTO Players VALUES(431,'Luis Enrique','1980-03-26',13,'defender');
INSERT INTO Players VALUES(432,'Joaquin Enrique','1975-07-09',13,'defender');
INSERT INTO Players VALUES(433,'Carlos Navarro','1981-06-01',13,'defender');
INSERT INTO Players VALUES(434,'Pedro Navarro','1976-08-18',13,'defender');
INSERT INTO Players VALUES(435,'Manuel Navarro','1979-05-11',13,'defender');
INSERT INTO Players VALUES(436,'Ramon Navarro','1982-08-21',13,'defender');
INSERT INTO Players VALUES(437,'Luis Navarro','1981-11-15',13,'defender');
INSERT INTO Players VALUES(438,'Joaquin Navarro','1981-10-19',13,'defender');
INSERT INTO Players VALUES(439,'Carlos Suarez','1975-08-18',13,'defender');
INSERT INTO Players VALUES(440,'Pedro Suarez','1985-08-01',13,'defender');
INSERT INTO Players VALUES(441,'Manuel Suarez','1984-02-08',13,'goalkeeper');
INSERT INTO Players VALUES(442,'Ramon Suarez','1983-02-24',13,'goalkeeper');
INSERT INTO Players VALUES(443,'Johansson Johan','1975-09-09',14,'forward');
INSERT INTO Players VALUES(444,'Andersson Johan','1975-11-27',14,'forward');
INSERT INTO Players VALUES(445,'Nilsson Johan','1982-04-09',14,'forward');
INSERT INTO Players VALUES(446,'Larsson Johan','1975-12-26',14,'forward');
INSERT INTO Players VALUES(447,'Karlsson Johan','1984-08-22',14,'forward');
INSERT INTO Players VALUES(448,'Johansson Andreas','1978-03-16',14,'forward');
INSERT INTO Players VALUES(449,'Andersson Andreas','1975-03-04',14,'forward');
INSERT INTO Players VALUES(450,'Nilsson Andreas','1982-03-21',14,'forward');
INSERT INTO Players VALUES(451,'Larsson Andreas','1982-01-24',14,'forward');
INSERT INTO Players VALUES(452,'Karlsson Andreas','1984-10-28',14,'forward');
INSERT INTO Players VALUES(453,'Johansson Mikael','1982-11-21',14,'midfield');
INSERT INTO Players VALUES(454,'Andersson Mikael','1975-12-17',14,'midfield');
INSERT INTO Players VALUES(455,'Nilsson Mikael','1985-09-26',14,'midfield');
INSERT INTO Players VALUES(456,'Larsson Mikael','1978-10-25',14,'midfield');
INSERT INTO Players VALUES(457,'Karlsson Mikael','1977-08-14',14,'midfield');
INSERT INTO Players VALUES(458,'Johansson Jonas','1975-12-20',14,'midfield');
INSERT INTO Players VALUES(459,'Andersson Jonas','1981-12-27',14,'midfield');
INSERT INTO Players VALUES(460,'Nilsson Jonas','1982-07-03',14,'midfield');
INSERT INTO Players VALUES(461,'Larsson Jonas','1979-03-04',14,'midfield');
INSERT INTO Players VALUES(462,'Karlsson Jonas','1977-02-27',14,'midfield');
INSERT INTO Players VALUES(463,'Johansson Henrik','1977-11-24',14,'midfield');
INSERT INTO Players VALUES(464,'Andersson Henrik','1985-11-23',14,'midfield');
INSERT INTO Players VALUES(465,'Nilsson Henrik','1981-11-14',14,'defender');
INSERT INTO Players VALUES(466,'Larsson Henrik','1980-03-07',14,'defender');
INSERT INTO Players VALUES(467,'Karlsson Henrik','1978-06-24',14,'defender');
INSERT INTO Players VALUES(468,'Johansson Peter','1984-06-21',14,'defender');
INSERT INTO Players VALUES(469,'Andersson Peter','1980-12-19',14,'defender');
INSERT INTO Players VALUES(470,'Nilsson Peter','1979-09-07',14,'defender');
INSERT INTO Players VALUES(471,'Larsson Peter','1980-02-14',14,'defender');
INSERT INTO Players VALUES(472,'Karlsson Peter','1982-05-17',14,'defender');
INSERT INTO Players VALUES(473,'Johansson Johan','1981-08-13',14,'defender');
INSERT INTO Players VALUES(474,'Andersson Johan','1979-07-09',14,'defender');
INSERT INTO Players VALUES(475,'Nilsson Johan','1977-02-06',14,'goalkeeper');
INSERT INTO Players VALUES(476,'Larsson Johan','1982-07-12',14,'goalkeeper');
INSERT INTO Players VALUES(477,'Raul Rodriguez','1985-12-24',15,'forward');
INSERT INTO Players VALUES(478,'Paul Rodriguez','1983-09-08',15,'forward');
INSERT INTO Players VALUES(479,'Nicolas Rodriguez','1980-04-08',15,'forward');
INSERT INTO Players VALUES(480,'Luis Rodriguez','1977-09-27',15,'forward');
INSERT INTO Players VALUES(481,'Jorge Rodriguez','1979-03-01',15,'forward');
INSERT INTO Players VALUES(482,'Martin Rodriguez','1984-11-11',15,'forward');
INSERT INTO Players VALUES(483,'Raul Portas','1980-07-28',15,'forward');
INSERT INTO Players VALUES(484,'Paul Portas','1985-12-15',15,'forward');
INSERT INTO Players VALUES(485,'Nicolas Portas','1977-03-18',15,'forward');
INSERT INTO Players VALUES(486,'Luis Portas','1980-11-06',15,'forward');
INSERT INTO Players VALUES(487,'Jorge Portas','1984-10-04',15,'midfield');
INSERT INTO Players VALUES(488,'Martin Portas','1982-07-25',15,'midfield');
INSERT INTO Players VALUES(489,'Raul Olmos','1985-01-04',15,'midfield');
INSERT INTO Players VALUES(490,'Paul Olmos','1977-04-24',15,'midfield');
INSERT INTO Players VALUES(491,'Nicolas Olmos','1976-09-03',15,'midfield');
INSERT INTO Players VALUES(492,'Luis Olmos','1976-08-28',15,'midfield');
INSERT INTO Players VALUES(493,'Jorge Olmos','1981-02-14',15,'midfield');
INSERT INTO Players VALUES(494,'Martin Olmos','1980-01-13',15,'midfield');
INSERT INTO Players VALUES(495,'Raul Lopez','1975-04-17',15,'midfield');
INSERT INTO Players VALUES(496,'Paul Lopez','1982-10-14',15,'midfield');
INSERT INTO Players VALUES(497,'Nicolas Lopez','1984-08-08',15,'midfield');
INSERT INTO Players VALUES(498,'Luis Lopez','1975-04-24',15,'midfield');
INSERT INTO Players VALUES(499,'Jorge Lopez','1984-04-26',15,'defender');
INSERT INTO Players VALUES(500,'Martin Lopez','1975-07-06',15,'defender');
INSERT INTO Players VALUES(501,'Raul Morales','1984-08-25',15,'defender');
INSERT INTO Players VALUES(502,'Paul Morales','1985-10-15',15,'defender');
INSERT INTO Players VALUES(503,'Nicolas Morales','1985-05-18',15,'defender');
INSERT INTO Players VALUES(504,'Luis Morales','1979-11-19',15,'defender');
INSERT INTO Players VALUES(505,'Jorge Morales','1984-12-27',15,'defender');
INSERT INTO Players VALUES(506,'Martin Morales','1980-08-21',15,'defender');
INSERT INTO Players VALUES(507,'Raul Rodriguez','1985-06-10',15,'defender');
INSERT INTO Players VALUES(508,'Paul Rodriguez','1977-06-19',15,'defender');
INSERT INTO Players VALUES(509,'Nicolas Rodriguez','1975-05-27',15,'goalkeeper');
INSERT INTO Players VALUES(510,'Luis Rodriguez','1985-05-13',15,'goalkeeper');
CREATE TABLE Goals (
	id          integer,
	scoredIn    integer not null,
	scoredBy    integer not null,
	timeScored  integer not null check (timeScored between 0 and 120),
	rating      varchar(20),
	primary key (id),
	foreign key (scoredIn) references Matches(id),
	foreign key (scoredBy) references Players(id)
);
INSERT INTO Goals VALUES(1,101,156,2,'good');
INSERT INTO Goals VALUES(2,101,137,15,'good');
INSERT INTO Goals VALUES(3,102,132,24,'excellent');
INSERT INTO Goals VALUES(4,102,124,45,'good');
INSERT INTO Goals VALUES(5,102,79,76,'good');
INSERT INTO Goals VALUES(6,103,4,70,'good');
INSERT INTO Goals VALUES(7,103,23,38,'good');
INSERT INTO Goals VALUES(8,103,247,50,'good');
INSERT INTO Goals VALUES(9,104,508,60,'good');
INSERT INTO Goals VALUES(10,104,480,21,'good');
INSERT INTO Goals VALUES(11,105,443,69,'excellent');
INSERT INTO Goals VALUES(12,105,463,6,'good');
INSERT INTO Goals VALUES(13,105,464,84,'good');
INSERT INTO Goals VALUES(14,106,433,4,'good');
INSERT INTO Goals VALUES(15,106,438,85,'good');
INSERT INTO Goals VALUES(16,106,430,51,'good');
INSERT INTO Goals VALUES(17,106,409,32,'good');
INSERT INTO Goals VALUES(18,106,316,89,'excellent');
INSERT INTO Goals VALUES(19,107,200,36,'good');
INSERT INTO Goals VALUES(20,107,177,55,'excellent');
INSERT INTO Goals VALUES(21,107,187,34,'good');
INSERT INTO Goals VALUES(22,108,69,27,'excellent');
INSERT INTO Goals VALUES(23,109,337,28,'good');
INSERT INTO Goals VALUES(24,109,76,89,'excellent');
INSERT INTO Goals VALUES(25,110,147,56,'good');
INSERT INTO Goals VALUES(26,110,342,2,'good');
INSERT INTO Goals VALUES(27,110,366,76,'good');
INSERT INTO Goals VALUES(28,111,268,50,'amazing');
INSERT INTO Goals VALUES(29,111,81,83,'good');
INSERT INTO Goals VALUES(30,112,329,51,'good');
INSERT INTO Goals VALUES(31,112,49,36,'good');
INSERT INTO Goals VALUES(32,113,344,32,'good');
INSERT INTO Goals VALUES(33,114,239,55,'good');
INSERT INTO Goals VALUES(34,114,252,9,'good');
INSERT INTO Goals VALUES(35,115,281,73,'good');
INSERT INTO Goals VALUES(36,115,278,19,'good');
INSERT INTO Goals VALUES(37,116,73,7,'good');
INSERT INTO Goals VALUES(38,116,98,3,'good');
INSERT INTO Goals VALUES(39,116,73,60,'excellent');
INSERT INTO Goals VALUES(40,117,458,31,'excellent');
INSERT INTO Goals VALUES(41,117,461,76,'good');
INSERT INTO Goals VALUES(42,117,308,12,'good');
INSERT INTO Goals VALUES(43,118,66,18,'good');
INSERT INTO Goals VALUES(44,118,62,47,'good');
INSERT INTO Goals VALUES(45,118,142,44,'good');
INSERT INTO Goals VALUES(46,118,137,61,'excellent');
INSERT INTO Goals VALUES(47,119,105,74,'good');
INSERT INTO Goals VALUES(48,119,119,6,'amazing');
INSERT INTO Goals VALUES(49,120,342,70,'excellent');
INSERT INTO Goals VALUES(50,121,439,63,'good');
INSERT INTO Goals VALUES(51,121,412,33,'good');
INSERT INTO Goals VALUES(52,121,406,12,'good');
INSERT INTO Goals VALUES(53,121,377,62,'good');
INSERT INTO Goals VALUES(54,123,267,89,'good');
INSERT INTO Goals VALUES(55,123,467,55,'good');
INSERT INTO Goals VALUES(56,124,370,33,'good');
INSERT INTO Goals VALUES(57,125,174,70,'excellent');
INSERT INTO Goals VALUES(58,126,14,18,'amazing');
INSERT INTO Goals VALUES(59,126,11,53,'good');
INSERT INTO Goals VALUES(60,126,200,55,'good');
INSERT INTO Goals VALUES(61,126,195,56,'good');
INSERT INTO Goals VALUES(62,128,312,11,'good');
INSERT INTO Goals VALUES(63,128,328,47,'good');
INSERT INTO Goals VALUES(64,129,472,17,'amazing');
INSERT INTO Goals VALUES(65,129,465,90,'good');
INSERT INTO Goals VALUES(66,130,1,78,'good');
INSERT INTO Goals VALUES(67,130,43,89,'excellent');
INSERT INTO Goals VALUES(68,130,58,53,'good');
INSERT INTO Goals VALUES(69,130,61,8,'excellent');
INSERT INTO Goals VALUES(70,130,36,39,'good');
INSERT INTO Goals VALUES(71,131,431,67,'excellent');
INSERT INTO Goals VALUES(72,131,38,84,'good');
INSERT INTO Goals VALUES(73,131,41,90,'good');
INSERT INTO Goals VALUES(74,132,62,71,'good');
INSERT INTO Goals VALUES(75,132,36,71,'good');
INSERT INTO Goals VALUES(76,133,449,64,'good');
INSERT INTO Goals VALUES(77,134,434,39,'excellent');
INSERT INTO Goals VALUES(78,135,257,60,'good');
INSERT INTO Goals VALUES(79,135,166,56,'good');
INSERT INTO Goals VALUES(80,135,145,13,'good');
INSERT INTO Goals VALUES(81,136,96,86,'amazing');
INSERT INTO Goals VALUES(82,137,252,71,'good');
INSERT INTO Goals VALUES(83,137,248,78,'good');
INSERT INTO Goals VALUES(84,138,310,63,'excellent');
INSERT INTO Goals VALUES(85,138,148,28,'good');
INSERT INTO Goals VALUES(86,139,485,21,'good');
INSERT INTO Goals VALUES(87,139,490,18,'good');
INSERT INTO Goals VALUES(88,139,361,50,'good');
INSERT INTO Goals VALUES(89,140,484,54,'good');
INSERT INTO Goals VALUES(90,140,504,48,'good');
INSERT INTO Goals VALUES(91,140,448,50,'good');
INSERT INTO Goals VALUES(92,141,115,43,'good');
INSERT INTO Goals VALUES(93,141,115,51,'good');
INSERT INTO Goals VALUES(94,141,213,60,'excellent');
INSERT INTO Goals VALUES(95,142,295,60,'excellent');
INSERT INTO Goals VALUES(96,142,273,42,'good');
INSERT INTO Goals VALUES(97,142,317,82,'good');
INSERT INTO Goals VALUES(98,142,328,24,'excellent');
INSERT INTO Goals VALUES(99,142,313,23,'good');
INSERT INTO Goals VALUES(100,142,333,3,'good');
INSERT INTO Goals VALUES(101,143,280,75,'good');
INSERT INTO Goals VALUES(102,143,326,4,'good');
INSERT INTO Goals VALUES(103,144,201,8,'excellent');
INSERT INTO Goals VALUES(104,144,365,27,'excellent');
INSERT INTO Goals VALUES(105,144,345,66,'good');
INSERT INTO Goals VALUES(106,145,286,68,'good');
INSERT INTO Goals VALUES(107,146,36,87,'good');
INSERT INTO Goals VALUES(108,146,37,83,'amazing');
INSERT INTO Goals VALUES(109,147,409,23,'good');
INSERT INTO Goals VALUES(110,148,398,57,'excellent');
INSERT INTO Goals VALUES(111,148,385,76,'good');
INSERT INTO Goals VALUES(112,148,413,50,'good');
INSERT INTO Goals VALUES(113,150,282,31,'good');
INSERT INTO Goals VALUES(114,150,290,29,'good');
INSERT INTO Goals VALUES(115,151,206,68,'good');
INSERT INTO Goals VALUES(116,151,214,83,'good');
INSERT INTO Goals VALUES(117,151,207,15,'good');
INSERT INTO Goals VALUES(118,151,206,23,'good');
INSERT INTO Goals VALUES(119,151,264,27,'excellent');
INSERT INTO Goals VALUES(120,151,262,56,'excellent');
INSERT INTO Goals VALUES(121,152,41,85,'excellent');
INSERT INTO Goals VALUES(122,153,343,76,'good');
INSERT INTO Goals VALUES(123,153,352,71,'good');
INSERT INTO Goals VALUES(124,154,36,20,'good');
INSERT INTO Goals VALUES(125,154,53,88,'excellent');
INSERT INTO Goals VALUES(126,155,109,11,'good');
INSERT INTO Goals VALUES(127,155,127,60,'good');
INSERT INTO Goals VALUES(128,156,383,44,'good');
INSERT INTO Goals VALUES(129,158,462,32,'good');
INSERT INTO Goals VALUES(130,158,453,39,'good');
INSERT INTO Goals VALUES(131,159,44,37,'excellent');
INSERT INTO Goals VALUES(132,159,255,22,'excellent');
INSERT INTO Goals VALUES(133,159,244,85,'good');
INSERT INTO Goals VALUES(134,160,75,6,'good');
INSERT INTO Goals VALUES(135,160,258,74,'excellent');
INSERT INTO Goals VALUES(136,161,290,72,'good');
INSERT INTO Goals VALUES(137,161,297,81,'excellent');
INSERT INTO Goals VALUES(138,161,87,81,'amazing');
INSERT INTO Goals VALUES(139,162,363,43,'good');
INSERT INTO Goals VALUES(140,162,342,80,'good');
INSERT INTO Goals VALUES(141,163,9,19,'good');
INSERT INTO Goals VALUES(142,163,9,85,'good');
INSERT INTO Goals VALUES(143,163,12,49,'good');
INSERT INTO Goals VALUES(144,164,300,54,'good');
INSERT INTO Goals VALUES(145,165,10,19,'good');
INSERT INTO Goals VALUES(146,166,93,4,'amazing');
INSERT INTO Goals VALUES(147,166,73,73,'good');
INSERT INTO Goals VALUES(148,166,396,17,'good');
INSERT INTO Goals VALUES(149,167,40,89,'good');
INSERT INTO Goals VALUES(150,167,66,7,'good');
INSERT INTO Goals VALUES(151,169,481,30,'excellent');
INSERT INTO Goals VALUES(152,169,216,25,'good');
INSERT INTO Goals VALUES(153,169,228,53,'excellent');
INSERT INTO Goals VALUES(154,170,440,63,'excellent');
INSERT INTO Goals VALUES(155,170,434,73,'excellent');
INSERT INTO Goals VALUES(156,170,436,3,'good');
INSERT INTO Goals VALUES(157,170,130,54,'good');
INSERT INTO Goals VALUES(158,170,103,49,'good');
INSERT INTO Goals VALUES(159,172,368,67,'good');
INSERT INTO Goals VALUES(160,172,346,9,'good');
INSERT INTO Goals VALUES(161,172,336,30,'good');
INSERT INTO Goals VALUES(162,172,312,20,'good');
INSERT INTO Goals VALUES(163,173,246,24,'excellent');
INSERT INTO Goals VALUES(164,173,270,16,'good');
INSERT INTO Goals VALUES(165,175,205,80,'good');
INSERT INTO Goals VALUES(166,175,215,20,'excellent');
INSERT INTO Goals VALUES(167,175,276,49,'excellent');
INSERT INTO Goals VALUES(168,175,291,67,'good');
INSERT INTO Goals VALUES(169,176,424,74,'good');
INSERT INTO Goals VALUES(170,176,433,84,'good');
INSERT INTO Goals VALUES(171,177,145,49,'good');
INSERT INTO Goals VALUES(172,177,139,19,'excellent');
INSERT INTO Goals VALUES(173,177,309,32,'amazing');
INSERT INTO Goals VALUES(174,177,316,4,'good');
INSERT INTO Goals VALUES(175,178,316,53,'good');
INSERT INTO Goals VALUES(176,178,123,65,'good');
INSERT INTO Goals VALUES(177,179,229,54,'good');
INSERT INTO Goals VALUES(178,180,309,87,'good');
INSERT INTO Goals VALUES(179,180,312,21,'excellent');
INSERT INTO Goals VALUES(180,180,350,18,'good');
INSERT INTO Goals VALUES(181,180,343,80,'excellent');
INSERT INTO Goals VALUES(182,181,382,82,'good');
INSERT INTO Goals VALUES(183,181,385,16,'good');
INSERT INTO Goals VALUES(184,181,205,64,'good');
INSERT INTO Goals VALUES(185,182,143,41,'good');
INSERT INTO Goals VALUES(186,182,140,64,'good');
INSERT INTO Goals VALUES(187,182,444,2,'good');
INSERT INTO Goals VALUES(188,183,490,27,'good');
INSERT INTO Goals VALUES(189,183,492,19,'good');
INSERT INTO Goals VALUES(190,183,495,30,'good');
INSERT INTO Goals VALUES(191,183,180,84,'good');
INSERT INTO Goals VALUES(192,185,274,30,'good');
INSERT INTO Goals VALUES(193,185,145,74,'good');
INSERT INTO Goals VALUES(194,185,148,55,'good');
INSERT INTO Goals VALUES(195,186,249,5,'good');
INSERT INTO Goals VALUES(196,186,239,56,'good');
INSERT INTO Goals VALUES(197,186,130,65,'amazing');
INSERT INTO Goals VALUES(198,186,121,27,'amazing');
INSERT INTO Goals VALUES(199,187,281,60,'good');
INSERT INTO Goals VALUES(200,187,300,6,'good');
INSERT INTO Goals VALUES(201,188,401,75,'good');
INSERT INTO Goals VALUES(202,189,447,52,'good');
INSERT INTO Goals VALUES(203,189,450,54,'good');
INSERT INTO Goals VALUES(204,189,287,14,'excellent');
INSERT INTO Goals VALUES(205,190,65,44,'amazing');
INSERT INTO Goals VALUES(206,191,381,55,'excellent');
INSERT INTO Goals VALUES(207,192,440,80,'excellent');
INSERT INTO Goals VALUES(208,192,440,44,'amazing');
INSERT INTO Goals VALUES(209,192,439,54,'good');
INSERT INTO Goals VALUES(210,192,183,4,'good');
INSERT INTO Goals VALUES(211,193,347,13,'excellent');
INSERT INTO Goals VALUES(212,195,29,17,'good');
INSERT INTO Goals VALUES(213,195,175,2,'good');
INSERT INTO Goals VALUES(214,195,171,81,'good');
INSERT INTO Goals VALUES(215,196,118,12,'good');
INSERT INTO Goals VALUES(216,197,400,84,'good');
INSERT INTO Goals VALUES(217,197,379,62,'good');
INSERT INTO Goals VALUES(218,197,173,54,'excellent');
INSERT INTO Goals VALUES(219,198,462,10,'good');
INSERT INTO Goals VALUES(220,198,410,66,'good');
INSERT INTO Goals VALUES(221,198,432,22,'excellent');
INSERT INTO Goals VALUES(222,199,457,43,'good');
INSERT INTO Goals VALUES(223,199,451,41,'excellent');
INSERT INTO Goals VALUES(224,200,483,4,'good');
INSERT INTO Goals VALUES(225,200,505,26,'amazing');
INSERT INTO Goals VALUES(226,200,260,55,'excellent');
INSERT INTO Goals VALUES(227,201,351,28,'good');
INSERT INTO Goals VALUES(228,201,342,56,'good');
INSERT INTO Goals VALUES(229,201,387,15,'good');
INSERT INTO Goals VALUES(230,202,35,67,'excellent');
INSERT INTO Goals VALUES(231,202,45,39,'excellent');
INSERT INTO Goals VALUES(232,202,448,78,'excellent');
INSERT INTO Goals VALUES(233,203,448,64,'excellent');
INSERT INTO Goals VALUES(234,204,416,67,'excellent');
INSERT INTO Goals VALUES(235,204,431,35,'good');
INSERT INTO Goals VALUES(236,205,400,72,'excellent');
INSERT INTO Goals VALUES(237,207,103,67,'good');
INSERT INTO Goals VALUES(238,207,108,84,'good');
INSERT INTO Goals VALUES(239,207,413,54,'good');
INSERT INTO Goals VALUES(240,208,145,41,'good');
INSERT INTO Goals VALUES(241,208,445,62,'amazing');
INSERT INTO Goals VALUES(242,208,453,80,'excellent');
INSERT INTO Goals VALUES(243,209,147,55,'good');
INSERT INTO Goals VALUES(244,210,480,27,'good');
INSERT INTO Goals VALUES(245,210,471,7,'good');
INSERT INTO Goals VALUES(246,211,468,60,'excellent');
INSERT INTO Goals VALUES(247,212,181,14,'good');
INSERT INTO Goals VALUES(248,212,21,64,'excellent');
INSERT INTO Goals VALUES(249,212,16,30,'excellent');
INSERT INTO Goals VALUES(250,213,315,56,'excellent');
INSERT INTO Goals VALUES(251,213,311,13,'good');
INSERT INTO Goals VALUES(252,213,347,14,'good');
INSERT INTO Goals VALUES(253,213,351,68,'good');
INSERT INTO Goals VALUES(254,214,354,9,'good');
INSERT INTO Goals VALUES(255,214,361,26,'good');
INSERT INTO Goals VALUES(256,214,4,79,'good');
INSERT INTO Goals VALUES(257,215,314,69,'good');
INSERT INTO Goals VALUES(258,215,328,30,'good');
INSERT INTO Goals VALUES(259,216,36,79,'excellent');
INSERT INTO Goals VALUES(260,216,496,23,'excellent');
INSERT INTO Goals VALUES(261,216,484,14,'excellent');
INSERT INTO Goals VALUES(262,217,110,8,'good');
INSERT INTO Goals VALUES(263,217,126,33,'good');
INSERT INTO Goals VALUES(264,217,465,6,'good');
INSERT INTO Goals VALUES(265,218,111,26,'good');
INSERT INTO Goals VALUES(266,218,103,36,'excellent');
INSERT INTO Goals VALUES(267,219,163,27,'amazing');
INSERT INTO Goals VALUES(268,220,42,90,'excellent');
INSERT INTO Goals VALUES(269,221,214,37,'excellent');
INSERT INTO Goals VALUES(270,222,22,34,'good');
INSERT INTO Goals VALUES(271,222,10,79,'good');
INSERT INTO Goals VALUES(272,222,112,42,'excellent');
INSERT INTO Goals VALUES(273,222,127,69,'good');
INSERT INTO Goals VALUES(274,223,188,14,'good');
INSERT INTO Goals VALUES(275,223,173,75,'excellent');
INSERT INTO Goals VALUES(276,223,279,77,'amazing');
INSERT INTO Goals VALUES(277,224,390,25,'good');
INSERT INTO Goals VALUES(278,224,387,42,'amazing');
INSERT INTO Goals VALUES(279,226,351,44,'excellent');
INSERT INTO Goals VALUES(280,226,503,9,'good');
INSERT INTO Goals VALUES(281,226,506,28,'good');
INSERT INTO Goals VALUES(282,227,212,76,'good');
INSERT INTO Goals VALUES(283,227,207,36,'excellent');
INSERT INTO Goals VALUES(284,228,336,14,'excellent');
INSERT INTO Goals VALUES(285,228,81,80,'good');
INSERT INTO Goals VALUES(286,229,10,84,'good');
INSERT INTO Goals VALUES(287,229,29,8,'good');
INSERT INTO Goals VALUES(288,229,375,61,'good');
INSERT INTO Goals VALUES(289,229,376,15,'good');
INSERT INTO Goals VALUES(290,230,19,68,'good');
INSERT INTO Goals VALUES(291,230,196,42,'good');
INSERT INTO Goals VALUES(292,230,174,75,'good');
INSERT INTO Goals VALUES(293,232,211,46,'good');
INSERT INTO Goals VALUES(294,232,216,34,'amazing');
INSERT INTO Goals VALUES(295,233,247,27,'good');
INSERT INTO Goals VALUES(296,233,244,9,'good');
INSERT INTO Goals VALUES(297,233,378,57,'good');
INSERT INTO Goals VALUES(298,233,387,55,'good');
INSERT INTO Goals VALUES(299,234,182,6,'excellent');
INSERT INTO Goals VALUES(300,235,175,85,'good');
INSERT INTO Goals VALUES(301,235,193,59,'excellent');
INSERT INTO Goals VALUES(302,235,9,26,'excellent');
INSERT INTO Goals VALUES(303,235,1,34,'good');
INSERT INTO Goals VALUES(304,236,214,7,'good');
INSERT INTO Goals VALUES(305,236,223,66,'good');
INSERT INTO Goals VALUES(306,236,229,41,'good');
INSERT INTO Goals VALUES(307,236,221,43,'excellent');
INSERT INTO Goals VALUES(308,236,451,53,'excellent');
INSERT INTO Goals VALUES(309,236,460,6,'good');
INSERT INTO Goals VALUES(310,237,278,20,'excellent');
INSERT INTO Goals VALUES(311,237,293,52,'good');
INSERT INTO Goals VALUES(312,238,175,28,'good');
INSERT INTO Goals VALUES(313,238,197,61,'good');
INSERT INTO Goals VALUES(314,239,143,59,'good');
INSERT INTO Goals VALUES(315,239,164,53,'good');
INSERT INTO Goals VALUES(316,240,3,86,'good');
INSERT INTO Goals VALUES(317,240,228,78,'good');
INSERT INTO Goals VALUES(318,241,355,32,'good');
INSERT INTO Goals VALUES(319,241,287,31,'good');
INSERT INTO Goals VALUES(320,241,279,47,'excellent');
INSERT INTO Goals VALUES(321,242,270,86,'good');
INSERT INTO Goals VALUES(322,242,154,37,'good');
INSERT INTO Goals VALUES(323,243,447,61,'good');
INSERT INTO Goals VALUES(324,243,74,68,'good');
INSERT INTO Goals VALUES(325,244,4,6,'excellent');
INSERT INTO Goals VALUES(326,244,27,63,'good');
INSERT INTO Goals VALUES(327,244,376,10,'good');
INSERT INTO Goals VALUES(328,245,485,60,'good');
INSERT INTO Goals VALUES(329,246,464,8,'amazing');
INSERT INTO Goals VALUES(330,248,310,69,'good');
INSERT INTO Goals VALUES(331,248,329,36,'good');
INSERT INTO Goals VALUES(332,248,381,57,'excellent');
INSERT INTO Goals VALUES(333,249,379,22,'good');
INSERT INTO Goals VALUES(334,249,386,68,'good');
INSERT INTO Goals VALUES(335,249,484,33,'good');
INSERT INTO Goals VALUES(336,250,287,41,'good');
INSERT INTO Goals VALUES(337,250,295,41,'excellent');
INSERT INTO Goals VALUES(338,250,388,51,'good');
INSERT INTO Goals VALUES(339,250,404,65,'good');
INSERT INTO Goals VALUES(340,251,485,83,'excellent');
INSERT INTO Goals VALUES(341,251,10,36,'excellent');
INSERT INTO Goals VALUES(342,252,385,20,'excellent');
INSERT INTO Goals VALUES(343,252,310,54,'good');
INSERT INTO Goals VALUES(344,252,336,11,'excellent');
INSERT INTO Goals VALUES(345,253,42,27,'good');
INSERT INTO Goals VALUES(346,255,267,62,'good');
INSERT INTO Goals VALUES(347,255,490,35,'good');
INSERT INTO Goals VALUES(348,255,491,32,'good');
INSERT INTO Goals VALUES(349,255,497,17,'good');
INSERT INTO Goals VALUES(350,256,115,10,'good');
INSERT INTO Goals VALUES(351,256,456,5,'amazing');
INSERT INTO Goals VALUES(352,256,458,61,'good');
INSERT INTO Goals VALUES(353,257,165,2,'good');
INSERT INTO Goals VALUES(354,258,11,81,'excellent');
INSERT INTO Goals VALUES(355,258,17,77,'good');
INSERT INTO Goals VALUES(356,259,100,38,'excellent');
INSERT INTO Goals VALUES(357,259,95,25,'excellent');
INSERT INTO Goals VALUES(358,260,348,68,'good');
INSERT INTO Goals VALUES(359,261,5,33,'amazing');
INSERT INTO Goals VALUES(360,261,32,87,'good');
INSERT INTO Goals VALUES(361,261,29,8,'excellent');
INSERT INTO Goals VALUES(362,261,311,89,'good');
INSERT INTO Goals VALUES(363,262,469,5,'good');
INSERT INTO Goals VALUES(364,262,314,64,'good');
INSERT INTO Goals VALUES(365,262,309,63,'good');
INSERT INTO Goals VALUES(366,262,338,42,'good');
INSERT INTO Goals VALUES(367,262,313,85,'good');
INSERT INTO Goals VALUES(368,263,327,60,'good');
INSERT INTO Goals VALUES(369,264,212,12,'good');
INSERT INTO Goals VALUES(370,264,211,12,'good');
INSERT INTO Goals VALUES(371,265,303,79,'good');
INSERT INTO Goals VALUES(372,265,183,15,'excellent');
INSERT INTO Goals VALUES(373,265,171,71,'excellent');
INSERT INTO Goals VALUES(374,266,5,34,'good');
INSERT INTO Goals VALUES(375,266,6,7,'excellent');
INSERT INTO Goals VALUES(376,267,398,61,'good');
INSERT INTO Goals VALUES(377,267,387,9,'good');
INSERT INTO Goals VALUES(378,267,421,25,'good');
INSERT INTO Goals VALUES(379,268,215,75,'good');
INSERT INTO Goals VALUES(380,268,284,84,'good');
INSERT INTO Goals VALUES(381,268,296,14,'good');
INSERT INTO Goals VALUES(382,268,273,85,'amazing');
INSERT INTO Goals VALUES(383,269,332,52,'good');
INSERT INTO Goals VALUES(384,269,321,40,'good');
INSERT INTO Goals VALUES(385,270,210,67,'good');
INSERT INTO Goals VALUES(386,270,212,78,'amazing');
INSERT INTO Goals VALUES(387,271,432,48,'good');
INSERT INTO Goals VALUES(388,273,228,82,'good');
INSERT INTO Goals VALUES(389,273,213,32,'good');
INSERT INTO Goals VALUES(390,273,214,71,'excellent');
INSERT INTO Goals VALUES(391,273,234,30,'good');
INSERT INTO Goals VALUES(392,273,341,35,'good');
INSERT INTO Goals VALUES(393,273,343,68,'good');
INSERT INTO Goals VALUES(394,274,110,63,'good');
INSERT INTO Goals VALUES(395,274,123,82,'good');
INSERT INTO Goals VALUES(396,274,37,45,'good');
INSERT INTO Goals VALUES(397,274,42,16,'good');
INSERT INTO Goals VALUES(398,275,241,13,'excellent');
INSERT INTO Goals VALUES(399,275,65,73,'excellent');
INSERT INTO Goals VALUES(400,275,57,84,'good');
INSERT INTO Goals VALUES(401,276,110,37,'good');
INSERT INTO Goals VALUES(402,276,106,14,'good');
INSERT INTO Goals VALUES(403,276,113,78,'good');
INSERT INTO Goals VALUES(404,276,120,31,'good');
INSERT INTO Goals VALUES(405,276,491,10,'excellent');
INSERT INTO Goals VALUES(406,276,495,63,'good');
INSERT INTO Goals VALUES(407,277,313,36,'good');
INSERT INTO Goals VALUES(408,278,460,63,'excellent');
INSERT INTO Goals VALUES(409,278,414,52,'excellent');
INSERT INTO Goals VALUES(410,279,285,15,'good');
INSERT INTO Goals VALUES(411,279,277,21,'good');
INSERT INTO Goals VALUES(412,279,458,56,'good');
INSERT INTO Goals VALUES(413,279,463,45,'amazing');
INSERT INTO Goals VALUES(414,279,471,90,'good');
INSERT INTO Goals VALUES(415,279,443,66,'good');
INSERT INTO Goals VALUES(416,280,160,61,'excellent');
INSERT INTO Goals VALUES(417,280,151,42,'excellent');
INSERT INTO Goals VALUES(418,281,477,61,'good');
INSERT INTO Goals VALUES(419,281,498,90,'good');
INSERT INTO Goals VALUES(420,281,199,61,'good');
INSERT INTO Goals VALUES(421,282,337,73,'excellent');
INSERT INTO Goals VALUES(422,282,413,77,'amazing');
INSERT INTO Goals VALUES(423,284,426,41,'excellent');
INSERT INTO Goals VALUES(424,284,414,85,'good');
INSERT INTO Goals VALUES(425,284,260,48,'good');
INSERT INTO Goals VALUES(426,285,413,38,'good');
INSERT INTO Goals VALUES(427,286,388,88,'good');
INSERT INTO Goals VALUES(428,286,418,42,'good');
INSERT INTO Goals VALUES(429,287,8,69,'good');
INSERT INTO Goals VALUES(430,287,210,74,'excellent');
INSERT INTO Goals VALUES(431,287,214,4,'good');
INSERT INTO Goals VALUES(432,288,443,59,'good');
INSERT INTO Goals VALUES(433,289,123,42,'good');
INSERT INTO Goals VALUES(434,290,196,78,'excellent');
INSERT INTO Goals VALUES(435,290,199,2,'good');
INSERT INTO Goals VALUES(436,292,151,35,'good');
INSERT INTO Goals VALUES(437,292,150,35,'excellent');
INSERT INTO Goals VALUES(438,292,445,64,'good');
INSERT INTO Goals VALUES(439,292,449,33,'excellent');
INSERT INTO Goals VALUES(440,293,465,85,'good');
INSERT INTO Goals VALUES(441,294,208,9,'excellent');
INSERT INTO Goals VALUES(442,294,268,66,'good');
INSERT INTO Goals VALUES(443,294,267,59,'excellent');
INSERT INTO Goals VALUES(444,296,22,66,'good');
INSERT INTO Goals VALUES(445,297,455,90,'good');
INSERT INTO Goals VALUES(446,297,471,5,'amazing');
INSERT INTO Goals VALUES(447,298,384,21,'good');
INSERT INTO Goals VALUES(448,298,37,79,'excellent');
INSERT INTO Goals VALUES(449,298,48,73,'good');
INSERT INTO Goals VALUES(450,299,74,65,'excellent');
INSERT INTO Goals VALUES(451,299,76,23,'good');
INSERT INTO Goals VALUES(452,299,349,10,'good');
INSERT INTO Goals VALUES(453,299,368,44,'good');
INSERT INTO Goals VALUES(454,301,9,10,'good');
INSERT INTO Goals VALUES(455,301,417,22,'excellent');
INSERT INTO Goals VALUES(456,302,447,72,'good');
INSERT INTO Goals VALUES(457,302,456,59,'amazing');
INSERT INTO Goals VALUES(458,302,167,10,'good');
INSERT INTO Goals VALUES(459,302,162,39,'good');
INSERT INTO Goals VALUES(460,304,7,90,'good');
INSERT INTO Goals VALUES(461,304,8,69,'good');
INSERT INTO Goals VALUES(462,304,219,87,'good');
INSERT INTO Goals VALUES(463,304,216,4,'amazing');
INSERT INTO Goals VALUES(464,305,241,75,'good');
INSERT INTO Goals VALUES(465,305,265,61,'excellent');
INSERT INTO Goals VALUES(466,305,482,38,'good');
INSERT INTO Goals VALUES(467,305,484,67,'excellent');
INSERT INTO Goals VALUES(468,307,447,79,'good');
INSERT INTO Goals VALUES(469,307,439,20,'excellent');
INSERT INTO Goals VALUES(470,308,65,27,'excellent');
INSERT INTO Goals VALUES(471,308,61,56,'good');
INSERT INTO Goals VALUES(472,308,3,27,'good');
INSERT INTO Goals VALUES(473,308,22,63,'excellent');
INSERT INTO Goals VALUES(474,309,104,65,'excellent');
INSERT INTO Goals VALUES(475,309,382,61,'good');
INSERT INTO Goals VALUES(476,309,396,82,'good');
INSERT INTO Goals VALUES(477,310,347,61,'good');
INSERT INTO Goals VALUES(478,310,360,32,'good');
INSERT INTO Goals VALUES(479,311,76,58,'good');
INSERT INTO Goals VALUES(480,311,97,64,'excellent');
INSERT INTO Goals VALUES(481,312,21,71,'good');
INSERT INTO Goals VALUES(482,312,21,57,'good');
INSERT INTO Goals VALUES(483,312,4,82,'good');
INSERT INTO Goals VALUES(484,313,120,14,'good');
INSERT INTO Goals VALUES(485,313,128,6,'excellent');
INSERT INTO Goals VALUES(486,313,210,24,'good');
INSERT INTO Goals VALUES(487,313,224,24,'good');
INSERT INTO Goals VALUES(488,313,233,38,'good');
INSERT INTO Goals VALUES(489,314,491,88,'excellent');
INSERT INTO Goals VALUES(490,314,508,37,'good');
INSERT INTO Goals VALUES(491,314,411,45,'excellent');
INSERT INTO Goals VALUES(492,315,109,81,'good');
INSERT INTO Goals VALUES(493,315,121,13,'good');
INSERT INTO Goals VALUES(494,315,80,6,'good');
INSERT INTO Goals VALUES(495,315,98,11,'good');
INSERT INTO Goals VALUES(496,316,402,85,'good');
INSERT INTO Goals VALUES(497,316,401,48,'excellent');
INSERT INTO Goals VALUES(498,317,96,87,'excellent');
INSERT INTO Goals VALUES(499,317,98,60,'good');
INSERT INTO Goals VALUES(500,318,414,56,'excellent');
INSERT INTO Goals VALUES(501,319,63,82,'good');
INSERT INTO Goals VALUES(502,319,44,31,'good');
INSERT INTO Goals VALUES(503,319,464,7,'good');
INSERT INTO Goals VALUES(504,320,248,3,'good');
INSERT INTO Goals VALUES(505,320,256,19,'good');
INSERT INTO Goals VALUES(506,321,163,63,'good');
INSERT INTO Goals VALUES(507,321,274,38,'good');
INSERT INTO Goals VALUES(508,321,280,27,'good');
INSERT INTO Goals VALUES(509,322,434,64,'good');
INSERT INTO Goals VALUES(510,322,430,14,'good');
INSERT INTO Goals VALUES(511,322,8,75,'good');
INSERT INTO Goals VALUES(512,322,21,37,'good');
INSERT INTO Goals VALUES(513,323,405,69,'excellent');
INSERT INTO Goals VALUES(514,323,456,48,'excellent');
INSERT INTO Goals VALUES(515,325,329,87,'good');
INSERT INTO Goals VALUES(516,326,58,48,'good');
INSERT INTO Goals VALUES(517,326,480,14,'good');
INSERT INTO Goals VALUES(518,326,479,68,'good');
INSERT INTO Goals VALUES(519,327,134,27,'excellent');
INSERT INTO Goals VALUES(520,327,107,63,'good');
INSERT INTO Goals VALUES(521,328,455,49,'excellent');
INSERT INTO Goals VALUES(522,329,427,84,'good');
INSERT INTO Goals VALUES(523,330,434,43,'good');
INSERT INTO Goals VALUES(524,330,417,63,'good');
INSERT INTO Goals VALUES(525,330,328,67,'good');
INSERT INTO Goals VALUES(526,330,323,63,'excellent');
INSERT INTO Goals VALUES(527,331,419,35,'good');
INSERT INTO Goals VALUES(528,331,426,54,'excellent');
INSERT INTO Goals VALUES(529,331,421,7,'excellent');
INSERT INTO Goals VALUES(530,331,440,21,'good');
INSERT INTO Goals VALUES(531,331,375,20,'good');
INSERT INTO Goals VALUES(532,331,385,81,'good');
INSERT INTO Goals VALUES(533,332,146,64,'good');
INSERT INTO Goals VALUES(534,332,137,39,'good');
INSERT INTO Goals VALUES(535,332,482,24,'good');
INSERT INTO Goals VALUES(536,333,164,22,'good');
INSERT INTO Goals VALUES(537,333,143,60,'amazing');
INSERT INTO Goals VALUES(538,333,195,43,'good');
INSERT INTO Goals VALUES(539,334,48,20,'good');
INSERT INTO Goals VALUES(540,334,40,77,'good');
INSERT INTO Goals VALUES(541,334,46,20,'excellent');
INSERT INTO Goals VALUES(542,334,192,6,'excellent');
INSERT INTO Goals VALUES(543,334,183,87,'good');
INSERT INTO Goals VALUES(544,335,322,4,'good');
INSERT INTO Goals VALUES(545,335,508,77,'excellent');
INSERT INTO Goals VALUES(546,336,215,52,'good');
INSERT INTO Goals VALUES(547,336,220,16,'good');
INSERT INTO Goals VALUES(548,336,274,16,'good');
INSERT INTO Goals VALUES(549,337,130,20,'good');
INSERT INTO Goals VALUES(550,337,117,25,'excellent');
INSERT INTO Goals VALUES(551,337,110,42,'excellent');
INSERT INTO Goals VALUES(552,338,24,44,'good');
INSERT INTO Goals VALUES(553,338,23,80,'excellent');
INSERT INTO Goals VALUES(554,341,459,43,'good');
INSERT INTO Goals VALUES(555,341,446,12,'good');
INSERT INTO Goals VALUES(556,341,492,65,'good');
INSERT INTO Goals VALUES(557,342,477,54,'amazing');
INSERT INTO Goals VALUES(558,342,309,10,'good');
INSERT INTO Goals VALUES(559,343,370,25,'good');
INSERT INTO Goals VALUES(560,343,362,77,'good');
INSERT INTO Goals VALUES(561,343,354,90,'good');
INSERT INTO Goals VALUES(562,343,343,44,'good');
INSERT INTO Goals VALUES(563,345,216,83,'excellent');
INSERT INTO Goals VALUES(564,346,320,77,'excellent');
INSERT INTO Goals VALUES(565,347,474,47,'good');
INSERT INTO Goals VALUES(566,347,357,40,'good');
INSERT INTO Goals VALUES(567,347,341,38,'good');
INSERT INTO Goals VALUES(568,348,108,27,'good');
INSERT INTO Goals VALUES(569,348,412,52,'good');
INSERT INTO Goals VALUES(570,350,162,90,'excellent');
INSERT INTO Goals VALUES(571,350,138,40,'amazing');
INSERT INTO Goals VALUES(572,351,224,31,'amazing');
INSERT INTO Goals VALUES(573,351,457,70,'excellent');
INSERT INTO Goals VALUES(574,351,468,82,'good');
INSERT INTO Goals VALUES(575,352,417,82,'good');
INSERT INTO Goals VALUES(576,353,207,27,'good');
INSERT INTO Goals VALUES(577,353,209,66,'good');
INSERT INTO Goals VALUES(578,353,186,45,'good');
INSERT INTO Goals VALUES(579,354,478,72,'good');
INSERT INTO Goals VALUES(580,354,503,50,'good');
INSERT INTO Goals VALUES(581,354,490,14,'good');
INSERT INTO Goals VALUES(582,356,201,30,'good');
INSERT INTO Goals VALUES(583,356,493,36,'good');
INSERT INTO Goals VALUES(584,356,504,21,'good');
INSERT INTO Goals VALUES(585,357,75,60,'good');
INSERT INTO Goals VALUES(586,357,122,26,'excellent');
INSERT INTO Goals VALUES(587,358,172,8,'excellent');
INSERT INTO Goals VALUES(588,358,178,83,'good');
INSERT INTO Goals VALUES(589,359,220,22,'good');
INSERT INTO Goals VALUES(590,359,214,71,'good');
INSERT INTO Goals VALUES(591,360,336,76,'good');
INSERT INTO Goals VALUES(592,362,351,60,'good');
INSERT INTO Goals VALUES(593,362,353,44,'good');
INSERT INTO Goals VALUES(594,362,58,4,'good');
INSERT INTO Goals VALUES(595,362,62,71,'good');
INSERT INTO Goals VALUES(596,363,355,28,'good');
INSERT INTO Goals VALUES(597,363,356,84,'amazing');
INSERT INTO Goals VALUES(598,363,4,17,'good');
INSERT INTO Goals VALUES(599,363,15,4,'excellent');
INSERT INTO Goals VALUES(600,364,263,18,'excellent');
INSERT INTO Goals VALUES(601,364,268,15,'good');
INSERT INTO Goals VALUES(602,365,303,80,'good');
INSERT INTO Goals VALUES(603,366,229,61,'excellent');
INSERT INTO Goals VALUES(604,366,217,28,'good');
INSERT INTO Goals VALUES(605,366,149,74,'good');
INSERT INTO Goals VALUES(606,367,177,34,'good');
INSERT INTO Goals VALUES(607,367,348,74,'good');
INSERT INTO Goals VALUES(608,368,404,83,'good');
INSERT INTO Goals VALUES(609,368,401,84,'good');
INSERT INTO Goals VALUES(610,368,431,53,'good');
INSERT INTO Goals VALUES(611,369,313,70,'good');
INSERT INTO Goals VALUES(612,369,307,51,'excellent');
INSERT INTO Goals VALUES(613,370,11,39,'amazing');
INSERT INTO Goals VALUES(614,370,16,34,'good');
INSERT INTO Goals VALUES(615,370,244,29,'excellent');
INSERT INTO Goals VALUES(616,371,214,70,'excellent');
INSERT INTO Goals VALUES(617,372,75,72,'excellent');
INSERT INTO Goals VALUES(618,372,290,36,'good');
INSERT INTO Goals VALUES(619,373,150,50,'excellent');
INSERT INTO Goals VALUES(620,374,184,58,'excellent');
INSERT INTO Goals VALUES(621,374,171,31,'good');
INSERT INTO Goals VALUES(622,374,312,62,'good');
INSERT INTO Goals VALUES(623,374,336,64,'good');
INSERT INTO Goals VALUES(624,375,308,44,'good');
INSERT INTO Goals VALUES(625,375,319,63,'excellent');
INSERT INTO Goals VALUES(626,376,413,30,'good');
INSERT INTO Goals VALUES(627,376,412,38,'good');
INSERT INTO Goals VALUES(628,376,341,75,'good');
INSERT INTO Goals VALUES(629,377,346,20,'excellent');
INSERT INTO Goals VALUES(630,377,362,19,'excellent');
INSERT INTO Goals VALUES(631,378,448,60,'good');
INSERT INTO Goals VALUES(632,379,45,54,'good');
INSERT INTO Goals VALUES(633,379,326,12,'good');
INSERT INTO Goals VALUES(634,380,326,74,'good');
INSERT INTO Goals VALUES(635,380,318,33,'good');
INSERT INTO Goals VALUES(636,381,501,52,'good');
INSERT INTO Goals VALUES(637,382,92,73,'good');
INSERT INTO Goals VALUES(638,382,79,35,'excellent');
INSERT INTO Goals VALUES(639,382,48,90,'good');
INSERT INTO Goals VALUES(640,382,63,79,'good');
INSERT INTO Goals VALUES(641,382,39,12,'excellent');
INSERT INTO Goals VALUES(642,383,181,29,'good');
INSERT INTO Goals VALUES(643,383,186,78,'good');
INSERT INTO Goals VALUES(644,384,211,83,'good');
INSERT INTO Goals VALUES(645,384,213,33,'good');
INSERT INTO Goals VALUES(646,384,312,70,'good');
INSERT INTO Goals VALUES(647,384,324,32,'excellent');
INSERT INTO Goals VALUES(648,385,16,50,'excellent');
INSERT INTO Goals VALUES(649,385,486,73,'good');
INSERT INTO Goals VALUES(650,386,162,59,'good');
INSERT INTO Goals VALUES(651,386,145,77,'excellent');
INSERT INTO Goals VALUES(652,387,445,77,'excellent');
INSERT INTO Goals VALUES(653,388,194,44,'good');
INSERT INTO Goals VALUES(654,388,188,15,'good');
INSERT INTO Goals VALUES(655,389,142,48,'good');
INSERT INTO Goals VALUES(656,390,316,30,'good');
INSERT INTO Goals VALUES(657,390,334,3,'good');
INSERT INTO Goals VALUES(658,390,487,84,'excellent');
INSERT INTO Goals VALUES(659,391,219,12,'excellent');
INSERT INTO Goals VALUES(660,391,274,48,'excellent');
INSERT INTO Goals VALUES(661,392,427,88,'excellent');
INSERT INTO Goals VALUES(662,392,122,71,'good');
INSERT INTO Goals VALUES(663,393,12,70,'excellent');
INSERT INTO Goals VALUES(664,393,9,31,'good');
INSERT INTO Goals VALUES(665,393,6,44,'good');
INSERT INTO Goals VALUES(666,393,397,41,'good');
INSERT INTO Goals VALUES(667,394,138,7,'good');
INSERT INTO Goals VALUES(668,395,149,4,'excellent');
INSERT INTO Goals VALUES(669,396,28,89,'excellent');
INSERT INTO Goals VALUES(670,396,207,82,'excellent');
INSERT INTO Goals VALUES(671,397,326,18,'good');
INSERT INTO Goals VALUES(672,397,328,84,'good');
INSERT INTO Goals VALUES(673,397,244,77,'good');
INSERT INTO Goals VALUES(674,398,456,29,'good');
INSERT INTO Goals VALUES(675,399,43,9,'good');
INSERT INTO Goals VALUES(676,399,193,51,'good');
INSERT INTO Goals VALUES(677,400,178,21,'good');
INSERT INTO Goals VALUES(678,400,239,26,'good');
INSERT INTO Goals VALUES(679,401,479,7,'good');
INSERT INTO Goals VALUES(680,401,483,25,'excellent');
INSERT INTO Goals VALUES(681,402,425,34,'good');
INSERT INTO Goals VALUES(682,402,416,74,'good');
INSERT INTO Goals VALUES(683,402,298,8,'good');
INSERT INTO Goals VALUES(684,402,291,49,'excellent');
INSERT INTO Goals VALUES(685,403,469,11,'good');
INSERT INTO Goals VALUES(686,404,421,41,'good');
INSERT INTO Goals VALUES(687,404,227,67,'good');
INSERT INTO Goals VALUES(688,405,45,70,'good');
INSERT INTO Goals VALUES(689,405,63,12,'good');
INSERT INTO Goals VALUES(690,406,291,88,'good');
INSERT INTO Goals VALUES(691,406,314,85,'good');
INSERT INTO Goals VALUES(692,406,325,49,'excellent');
INSERT INTO Goals VALUES(693,407,157,37,'good');
INSERT INTO Goals VALUES(694,407,342,9,'good');
INSERT INTO Goals VALUES(695,407,342,22,'good');
INSERT INTO Goals VALUES(696,408,275,39,'good');
INSERT INTO Goals VALUES(697,408,431,76,'good');
INSERT INTO Goals VALUES(698,408,434,40,'excellent');
INSERT INTO Goals VALUES(699,409,202,21,'good');
INSERT INTO Goals VALUES(700,409,185,5,'good');
INSERT INTO Goals VALUES(701,410,444,18,'good');
INSERT INTO Goals VALUES(702,410,466,15,'good');
INSERT INTO Goals VALUES(703,410,63,14,'good');
INSERT INTO Goals VALUES(704,411,468,79,'excellent');
INSERT INTO Goals VALUES(705,411,472,43,'good');
INSERT INTO Goals VALUES(706,411,393,49,'good');
INSERT INTO Goals VALUES(707,411,375,44,'amazing');
INSERT INTO Goals VALUES(708,412,243,35,'good');
INSERT INTO Goals VALUES(709,412,223,52,'good');
INSERT INTO Goals VALUES(710,412,222,37,'excellent');
INSERT INTO Goals VALUES(711,413,345,75,'good');
INSERT INTO Goals VALUES(712,413,355,19,'good');
INSERT INTO Goals VALUES(713,413,363,15,'good');
INSERT INTO Goals VALUES(714,413,319,74,'good');
INSERT INTO Goals VALUES(715,413,314,24,'good');
INSERT INTO Goals VALUES(716,414,220,70,'good');
INSERT INTO Goals VALUES(717,414,216,25,'amazing');
INSERT INTO Goals VALUES(718,415,118,48,'excellent');
INSERT INTO Goals VALUES(719,415,108,8,'good');
INSERT INTO Goals VALUES(720,416,314,32,'good');
INSERT INTO Goals VALUES(721,416,103,13,'good');
INSERT INTO Goals VALUES(722,417,458,52,'good');
INSERT INTO Goals VALUES(723,417,75,76,'good');
INSERT INTO Goals VALUES(724,418,228,86,'excellent');
INSERT INTO Goals VALUES(725,418,151,5,'good');
INSERT INTO Goals VALUES(726,418,139,57,'good');
INSERT INTO Goals VALUES(727,419,224,38,'good');
INSERT INTO Goals VALUES(728,420,423,71,'good');
INSERT INTO Goals VALUES(729,420,430,29,'good');
INSERT INTO Goals VALUES(730,420,280,72,'good');
INSERT INTO Goals VALUES(731,420,289,70,'good');
INSERT INTO Goals VALUES(732,421,423,40,'good');
INSERT INTO Goals VALUES(733,421,425,42,'excellent');
INSERT INTO Goals VALUES(734,421,482,79,'good');
INSERT INTO Goals VALUES(735,421,484,73,'good');
INSERT INTO Goals VALUES(736,422,165,76,'good');
INSERT INTO Goals VALUES(737,422,160,46,'good');
INSERT INTO Goals VALUES(738,422,482,36,'good');
INSERT INTO Goals VALUES(739,422,485,53,'good');
INSERT INTO Goals VALUES(740,423,86,90,'good');
INSERT INTO Goals VALUES(741,424,507,24,'good');
INSERT INTO Goals VALUES(742,424,494,28,'good');
INSERT INTO Goals VALUES(743,425,382,37,'excellent');
INSERT INTO Goals VALUES(744,425,375,80,'excellent');
INSERT INTO Goals VALUES(745,426,99,50,'good');
INSERT INTO Goals VALUES(746,426,124,74,'good');
INSERT INTO Goals VALUES(747,426,103,63,'good');
INSERT INTO Goals VALUES(748,427,73,28,'good');
INSERT INTO Goals VALUES(749,428,284,6,'good');
INSERT INTO Goals VALUES(750,429,484,29,'good');
INSERT INTO Goals VALUES(751,429,506,43,'good');
INSERT INTO Goals VALUES(752,430,214,42,'good');
INSERT INTO Goals VALUES(753,430,434,32,'amazing');
INSERT INTO Goals VALUES(754,431,481,35,'good');
INSERT INTO Goals VALUES(755,431,212,11,'good');
INSERT INTO Goals VALUES(756,431,231,38,'excellent');
INSERT INTO Goals VALUES(757,432,355,29,'good');
INSERT INTO Goals VALUES(758,432,313,18,'good');
INSERT INTO Goals VALUES(759,432,327,49,'excellent');
INSERT INTO Goals VALUES(760,432,309,31,'good');
INSERT INTO Goals VALUES(761,432,310,79,'good');
INSERT INTO Goals VALUES(762,434,249,31,'excellent');
INSERT INTO Goals VALUES(763,434,242,21,'excellent');
INSERT INTO Goals VALUES(764,434,163,60,'good');
INSERT INTO Goals VALUES(765,435,168,77,'good');
INSERT INTO Goals VALUES(766,435,166,40,'good');
INSERT INTO Goals VALUES(767,436,114,35,'good');
INSERT INTO Goals VALUES(768,436,106,5,'excellent');
INSERT INTO Goals VALUES(769,436,232,75,'good');
INSERT INTO Goals VALUES(770,437,87,56,'good');
INSERT INTO Goals VALUES(771,437,134,53,'good');
INSERT INTO Goals VALUES(772,437,111,55,'good');
INSERT INTO Goals VALUES(773,439,263,40,'good');
INSERT INTO Goals VALUES(774,439,252,26,'excellent');
INSERT INTO Goals VALUES(775,440,453,20,'good');
INSERT INTO Goals VALUES(776,440,470,9,'good');
INSERT INTO Goals VALUES(777,440,450,61,'good');
INSERT INTO Goals VALUES(778,440,463,19,'amazing');
INSERT INTO Goals VALUES(779,440,197,75,'good');
INSERT INTO Goals VALUES(780,441,415,49,'good');
INSERT INTO Goals VALUES(781,441,165,72,'excellent');
INSERT INTO Goals VALUES(782,442,280,87,'excellent');
INSERT INTO Goals VALUES(783,442,294,50,'good');
INSERT INTO Goals VALUES(784,442,111,61,'good');
INSERT INTO Goals VALUES(785,442,117,70,'good');
INSERT INTO Goals VALUES(786,443,347,83,'good');
INSERT INTO Goals VALUES(787,443,343,11,'good');
INSERT INTO Goals VALUES(788,444,96,62,'good');
INSERT INTO Goals VALUES(789,444,76,68,'excellent');
INSERT INTO Goals VALUES(790,445,492,44,'excellent');
INSERT INTO Goals VALUES(791,445,478,7,'good');
INSERT INTO Goals VALUES(792,445,346,83,'excellent');
INSERT INTO Goals VALUES(793,445,342,63,'good');
INSERT INTO Goals VALUES(794,447,18,50,'good');
INSERT INTO Goals VALUES(795,447,44,29,'excellent');
INSERT INTO Goals VALUES(796,448,2,77,'good');
INSERT INTO Goals VALUES(797,449,3,26,'good');
INSERT INTO Goals VALUES(798,449,20,44,'good');
INSERT INTO Goals VALUES(799,449,459,40,'good');
INSERT INTO Goals VALUES(800,450,372,44,'good');
INSERT INTO Goals VALUES(801,450,152,75,'good');
INSERT INTO Goals VALUES(802,451,317,20,'good');
INSERT INTO Goals VALUES(803,451,491,41,'good');
INSERT INTO Goals VALUES(804,451,485,81,'excellent');
INSERT INTO Goals VALUES(805,452,213,67,'good');
INSERT INTO Goals VALUES(806,452,209,48,'excellent');
INSERT INTO Goals VALUES(807,453,425,66,'good');
INSERT INTO Goals VALUES(808,453,413,51,'good');
INSERT INTO Goals VALUES(809,453,461,67,'excellent');
INSERT INTO Goals VALUES(810,453,449,48,'good');
INSERT INTO Goals VALUES(811,454,311,35,'good');
INSERT INTO Goals VALUES(812,454,316,51,'excellent');
INSERT INTO Goals VALUES(813,455,151,83,'good');
INSERT INTO Goals VALUES(814,456,379,88,'excellent');
INSERT INTO Goals VALUES(815,456,74,86,'good');
INSERT INTO Goals VALUES(816,458,119,25,'good');
INSERT INTO Goals VALUES(817,458,287,38,'excellent');
INSERT INTO Goals VALUES(818,459,425,56,'good');
INSERT INTO Goals VALUES(819,459,18,74,'excellent');
INSERT INTO Goals VALUES(820,460,406,13,'good');
INSERT INTO Goals VALUES(821,461,39,2,'good');
INSERT INTO Goals VALUES(822,461,192,40,'good');
INSERT INTO Goals VALUES(823,462,154,8,'good');
INSERT INTO Goals VALUES(824,462,142,22,'good');
INSERT INTO Goals VALUES(825,462,195,84,'good');
INSERT INTO Goals VALUES(826,462,191,11,'good');
INSERT INTO Goals VALUES(827,462,172,36,'good');
INSERT INTO Goals VALUES(828,463,183,44,'good');
INSERT INTO Goals VALUES(829,463,182,52,'good');
INSERT INTO Goals VALUES(830,463,412,59,'good');
INSERT INTO Goals VALUES(831,464,107,64,'good');
INSERT INTO Goals VALUES(832,464,130,18,'good');
INSERT INTO Goals VALUES(833,464,253,41,'good');
INSERT INTO Goals VALUES(834,465,107,7,'good');
INSERT INTO Goals VALUES(835,465,107,75,'good');
INSERT INTO Goals VALUES(836,465,172,77,'excellent');
INSERT INTO Goals VALUES(837,465,199,63,'good');
INSERT INTO Goals VALUES(838,466,111,2,'good');
INSERT INTO Goals VALUES(839,466,110,34,'excellent');
INSERT INTO Goals VALUES(840,466,103,14,'good');
INSERT INTO Goals VALUES(841,467,108,64,'good');
INSERT INTO Goals VALUES(842,467,103,59,'good');
INSERT INTO Goals VALUES(843,468,194,36,'good');
INSERT INTO Goals VALUES(844,469,35,42,'excellent');
INSERT INTO Goals VALUES(845,469,53,34,'good');
INSERT INTO Goals VALUES(846,469,351,58,'good');
INSERT INTO Goals VALUES(847,469,348,8,'good');
INSERT INTO Goals VALUES(848,470,450,40,'excellent');
INSERT INTO Goals VALUES(849,471,440,25,'good');
INSERT INTO Goals VALUES(850,472,495,78,'excellent');
INSERT INTO Goals VALUES(851,473,6,27,'good');
INSERT INTO Goals VALUES(852,474,464,68,'excellent');
INSERT INTO Goals VALUES(853,475,420,3,'good');
INSERT INTO Goals VALUES(854,475,100,65,'good');
INSERT INTO Goals VALUES(855,475,91,81,'good');
INSERT INTO Goals VALUES(856,476,207,74,'excellent');
INSERT INTO Goals VALUES(857,476,348,80,'excellent');
INSERT INTO Goals VALUES(858,476,367,36,'good');
INSERT INTO Goals VALUES(859,477,289,18,'excellent');
INSERT INTO Goals VALUES(860,477,90,49,'excellent');
INSERT INTO Goals VALUES(861,478,1,61,'good');
INSERT INTO Goals VALUES(862,479,74,71,'excellent');
INSERT INTO Goals VALUES(863,479,468,35,'good');
INSERT INTO Goals VALUES(864,480,74,52,'good');
INSERT INTO Goals VALUES(865,481,457,3,'good');
INSERT INTO Goals VALUES(866,481,69,69,'excellent');
INSERT INTO Goals VALUES(867,482,69,29,'amazing');
INSERT INTO Goals VALUES(868,482,12,20,'good');
INSERT INTO Goals VALUES(869,482,1,75,'excellent');
INSERT INTO Goals VALUES(870,482,26,22,'good');
INSERT INTO Goals VALUES(871,483,21,85,'good');
INSERT INTO Goals VALUES(872,483,25,27,'good');
INSERT INTO Goals VALUES(873,484,215,35,'good');
INSERT INTO Goals VALUES(874,484,274,34,'excellent');
INSERT INTO Goals VALUES(875,484,283,43,'excellent');
INSERT INTO Goals VALUES(876,485,99,22,'good');
INSERT INTO Goals VALUES(877,485,132,37,'good');
INSERT INTO Goals VALUES(878,485,111,13,'good');
INSERT INTO Goals VALUES(879,490,137,81,'good');
INSERT INTO Goals VALUES(880,491,380,28,'good');
INSERT INTO Goals VALUES(881,491,399,30,'excellent');
INSERT INTO Goals VALUES(882,491,329,51,'good');
INSERT INTO Goals VALUES(883,491,310,90,'good');
INSERT INTO Goals VALUES(884,492,342,55,'good');
INSERT INTO Goals VALUES(885,492,357,17,'good');
INSERT INTO Goals VALUES(886,493,417,39,'good');
INSERT INTO Goals VALUES(887,493,253,36,'good');
INSERT INTO Goals VALUES(888,493,247,8,'amazing');
INSERT INTO Goals VALUES(889,495,244,90,'good');
INSERT INTO Goals VALUES(890,495,241,73,'good');
INSERT INTO Goals VALUES(891,495,99,38,'good');
INSERT INTO Goals VALUES(892,495,74,25,'good');
INSERT INTO Goals VALUES(893,496,31,35,'good');
INSERT INTO Goals VALUES(894,496,9,47,'good');
INSERT INTO Goals VALUES(895,497,13,10,'good');
INSERT INTO Goals VALUES(896,497,180,77,'amazing');
INSERT INTO Goals VALUES(897,497,193,21,'good');
INSERT INTO Goals VALUES(898,498,93,55,'good');
INSERT INTO Goals VALUES(899,498,108,65,'excellent');
INSERT INTO Goals VALUES(900,499,75,53,'excellent');
INSERT INTO Goals VALUES(901,499,95,47,'amazing');
INSERT INTO Goals VALUES(902,499,98,8,'good');
INSERT INTO Goals VALUES(903,499,92,88,'excellent');
INSERT INTO Goals VALUES(904,499,145,67,'excellent');
INSERT INTO Goals VALUES(905,500,156,30,'excellent');
INSERT INTO Goals VALUES(906,500,163,27,'good');
INSERT INTO Goals VALUES(907,500,390,17,'good');
INSERT INTO Goals VALUES(908,500,399,8,'excellent');
CREATE TABLE Cards (
	id          integer,
	givenIn     integer not null,
	givenTo     integer not null,
	timeGiven   integer not null check (timeGiven between 0 and 120),
	cardType    varchar(6) not null check (cardType in ('red','yellow')),
	primary key (id),
	foreign key (givenIn) references Matches(id),
	foreign key (givenTo) references Players(id)
);
INSERT INTO Cards VALUES(1,101,74,89,'yellow');
INSERT INTO Cards VALUES(2,101,93,27,'yellow');
INSERT INTO Cards VALUES(3,106,332,41,'red');
INSERT INTO Cards VALUES(4,110,358,68,'yellow');
INSERT INTO Cards VALUES(5,111,254,21,'yellow');
INSERT INTO Cards VALUES(6,112,65,61,'yellow');
INSERT INTO Cards VALUES(7,112,44,62,'yellow');
INSERT INTO Cards VALUES(8,116,86,55,'red');
INSERT INTO Cards VALUES(9,119,47,59,'yellow');
INSERT INTO Cards VALUES(10,125,192,29,'yellow');
INSERT INTO Cards VALUES(11,125,231,25,'yellow');
INSERT INTO Cards VALUES(12,127,35,81,'yellow');
INSERT INTO Cards VALUES(13,132,166,60,'red');
INSERT INTO Cards VALUES(14,132,165,77,'yellow');
INSERT INTO Cards VALUES(15,134,308,18,'red');
INSERT INTO Cards VALUES(16,139,501,42,'yellow');
INSERT INTO Cards VALUES(17,146,435,43,'yellow');
INSERT INTO Cards VALUES(18,146,427,78,'red');
INSERT INTO Cards VALUES(19,147,410,45,'red');
INSERT INTO Cards VALUES(20,147,432,86,'yellow');
INSERT INTO Cards VALUES(21,153,386,86,'yellow');
INSERT INTO Cards VALUES(22,158,335,90,'red');
INSERT INTO Cards VALUES(23,163,192,51,'yellow');
INSERT INTO Cards VALUES(24,170,426,57,'yellow');
INSERT INTO Cards VALUES(25,170,412,52,'red');
INSERT INTO Cards VALUES(26,175,226,69,'yellow');
INSERT INTO Cards VALUES(27,175,208,45,'yellow');
INSERT INTO Cards VALUES(28,181,221,29,'red');
INSERT INTO Cards VALUES(29,187,296,36,'yellow');
INSERT INTO Cards VALUES(30,189,469,65,'yellow');
INSERT INTO Cards VALUES(31,189,467,45,'yellow');
INSERT INTO Cards VALUES(32,194,291,45,'yellow');
INSERT INTO Cards VALUES(33,197,194,37,'yellow');
INSERT INTO Cards VALUES(34,198,412,42,'yellow');
INSERT INTO Cards VALUES(35,198,439,36,'red');
INSERT INTO Cards VALUES(36,206,104,89,'red');
INSERT INTO Cards VALUES(37,206,121,18,'yellow');
INSERT INTO Cards VALUES(38,208,150,73,'red');
INSERT INTO Cards VALUES(39,211,466,34,'yellow');
INSERT INTO Cards VALUES(40,212,19,64,'yellow');
INSERT INTO Cards VALUES(41,215,186,39,'yellow');
INSERT INTO Cards VALUES(42,226,503,40,'yellow');
INSERT INTO Cards VALUES(43,230,195,50,'yellow');
INSERT INTO Cards VALUES(44,230,199,21,'yellow');
INSERT INTO Cards VALUES(45,234,183,44,'yellow');
INSERT INTO Cards VALUES(46,234,189,30,'yellow');
INSERT INTO Cards VALUES(47,249,378,42,'yellow');
INSERT INTO Cards VALUES(48,249,482,27,'yellow');
INSERT INTO Cards VALUES(49,255,270,70,'yellow');
INSERT INTO Cards VALUES(50,255,241,24,'yellow');
INSERT INTO Cards VALUES(51,271,419,57,'yellow');
INSERT INTO Cards VALUES(52,292,465,40,'yellow');
INSERT INTO Cards VALUES(53,292,456,53,'yellow');
INSERT INTO Cards VALUES(54,298,41,59,'yellow');
INSERT INTO Cards VALUES(55,298,37,56,'yellow');
INSERT INTO Cards VALUES(56,299,369,65,'yellow');
INSERT INTO Cards VALUES(57,307,468,64,'yellow');
INSERT INTO Cards VALUES(58,314,419,17,'yellow');
INSERT INTO Cards VALUES(59,317,372,83,'yellow');
INSERT INTO Cards VALUES(60,322,26,77,'yellow');
INSERT INTO Cards VALUES(61,322,32,27,'yellow');
INSERT INTO Cards VALUES(62,329,431,52,'red');
INSERT INTO Cards VALUES(63,329,420,43,'red');
INSERT INTO Cards VALUES(64,332,505,66,'yellow');
INSERT INTO Cards VALUES(65,333,138,69,'red');
INSERT INTO Cards VALUES(66,335,333,63,'red');
INSERT INTO Cards VALUES(67,349,259,70,'red');
INSERT INTO Cards VALUES(68,350,152,54,'yellow');
INSERT INTO Cards VALUES(69,350,159,25,'yellow');
INSERT INTO Cards VALUES(70,359,217,61,'yellow');
INSERT INTO Cards VALUES(71,359,207,41,'yellow');
INSERT INTO Cards VALUES(72,361,487,39,'yellow');
INSERT INTO Cards VALUES(73,375,310,90,'yellow');
INSERT INTO Cards VALUES(74,375,328,73,'red');
INSERT INTO Cards VALUES(75,376,415,72,'yellow');
INSERT INTO Cards VALUES(76,377,329,32,'yellow');
INSERT INTO Cards VALUES(77,381,498,38,'yellow');
INSERT INTO Cards VALUES(78,383,184,34,'yellow');
INSERT INTO Cards VALUES(79,387,399,43,'yellow');
INSERT INTO Cards VALUES(80,389,152,56,'yellow');
INSERT INTO Cards VALUES(81,389,187,23,'yellow');
INSERT INTO Cards VALUES(82,394,163,79,'red');
INSERT INTO Cards VALUES(83,397,316,71,'red');
INSERT INTO Cards VALUES(84,405,47,19,'red');
INSERT INTO Cards VALUES(85,408,289,42,'yellow');
INSERT INTO Cards VALUES(86,428,355,29,'red');
INSERT INTO Cards VALUES(87,428,290,88,'yellow');
INSERT INTO Cards VALUES(88,438,485,52,'red');
INSERT INTO Cards VALUES(89,439,256,17,'red');
INSERT INTO Cards VALUES(90,443,470,29,'yellow');
INSERT INTO Cards VALUES(91,443,351,17,'yellow');
INSERT INTO Cards VALUES(92,443,372,66,'yellow');
INSERT INTO Cards VALUES(93,445,491,54,'yellow');
INSERT INTO Cards VALUES(94,456,391,57,'yellow');
INSERT INTO Cards VALUES(95,456,97,61,'yellow');
INSERT INTO Cards VALUES(96,457,432,63,'red');
INSERT INTO Cards VALUES(97,458,300,36,'red');
INSERT INTO Cards VALUES(98,458,299,68,'yellow');
INSERT INTO Cards VALUES(99,468,190,47,'yellow');
INSERT INTO Cards VALUES(100,468,197,87,'yellow');
INSERT INTO Cards VALUES(101,470,508,21,'yellow');
INSERT INTO Cards VALUES(102,470,482,40,'red');
INSERT INTO Cards VALUES(103,474,462,38,'red');
INSERT INTO Cards VALUES(104,484,208,80,'yellow');
INSERT INTO Cards VALUES(105,484,236,60,'yellow');
INSERT INTO Cards VALUES(106,484,285,67,'yellow');
INSERT INTO Cards VALUES(107,489,307,45,'red');
COMMIT;
